,train_accuracy,train_f1,train_precision,train_pred,train_recall,train_trueLabel,test_accuracy,test_f1,test_precision,test_pred,test_recall,test_trueLabel,Features,params
0,0.9714285714285714,0.9711970606819301,0.9728316707489476,0.5247619047619048,0.9715238867095275,0.49714285714285716,0.9522222222222222,0.9504300700608077,0.9561605339105338,0.5144444444444445,0.9500266955266955,0.5066666666666667,"['2', '4', '5', '6']","{'bootstrap': True, 'ccp_alpha': 0.0, 'class_weight': None, 'criterion': 'gini', 'max_depth': 2, 'max_features': 'auto', 'max_leaf_nodes': None, 'max_samples': None, 'min_impurity_decrease': 0.0, 'min_impurity_split': None, 'min_samples_leaf': 1, 'min_samples_split': 2, 'min_weight_fraction_leaf': 0.0, 'n_estimators': 20, 'n_jobs': None, 'oob_score': False, 'random_state': None, 'verbose': 0, 'warm_start': False}"
1,0.9676190476190475,0.967275209170609,0.9697016449098829,0.5304761904761904,0.9673604450364848,0.4990476190476191,0.9511111111111111,0.9493638065483672,0.9535599123099123,0.5266666666666666,0.9518866133866135,0.5022222222222222,"['4', '5']","{'bootstrap': True, 'ccp_alpha': 0.0, 'class_weight': None, 'criterion': 'gini', 'max_depth': 2, 'max_features': 'auto', 'max_leaf_nodes': None, 'max_samples': None, 'min_impurity_decrease': 0.0, 'min_impurity_split': None, 'min_samples_leaf': 2, 'min_samples_split': 2, 'min_weight_fraction_leaf': 0.0, 'n_estimators': 18, 'n_jobs': None, 'oob_score': False, 'random_state': None, 'verbose': 0, 'warm_start': False}"
2,0.965238095238095,0.965074630879152,0.9664138511374208,0.518095238095238,0.9656502405067151,0.490952380952381,0.9477777777777777,0.9462073673354061,0.9512069597069597,0.5533333333333333,0.9475341602841603,0.5211111111111111,"['2', '4']","{'bootstrap': True, 'ccp_alpha': 0.0, 'class_weight': None, 'criterion': 'gini', 'max_depth': 2, 'max_features': 'auto', 'max_leaf_nodes': None, 'max_samples': None, 'min_impurity_decrease': 0.0, 'min_impurity_split': None, 'min_samples_leaf': 1, 'min_samples_split': 2, 'min_weight_fraction_leaf': 0.0, 'n_estimators': 8, 'n_jobs': None, 'oob_score': False, 'random_state': None, 'verbose': 0, 'warm_start': False}"
3,0.966190476190476,0.9657785700053946,0.9682069131563411,0.5357142857142857,0.965420847214137,0.5095238095238095,0.9444444444444444,0.9407911204072397,0.9464603452103453,0.5133333333333333,0.9436721334221335,0.4777777777777778,"['1', '2', '4']","{'bootstrap': True, 'ccp_alpha': 0.0, 'class_weight': None, 'criterion': 'gini', 'max_depth': 2, 'max_features': 'auto', 'max_leaf_nodes': None, 'max_samples': None, 'min_impurity_decrease': 0.0, 'min_impurity_split': None, 'min_samples_leaf': 2, 'min_samples_split': 2, 'min_weight_fraction_leaf': 0.0, 'n_estimators': 16, 'n_jobs': None, 'oob_score': False, 'random_state': None, 'verbose': 0, 'warm_start': False}"
4,0.9795238095238095,0.9793512197714384,0.9801853057234265,0.5142857142857142,0.979569389143484,0.49666666666666665,0.9444444444444444,0.9424010129959182,0.9453699078699078,0.53,0.9456522644022644,0.5077777777777778,"['0', '3', '4']","{'bootstrap': True, 'ccp_alpha': 0.0, 'class_weight': None, 'criterion': 'gini', 'max_depth': 2, 'max_features': 'auto', 'max_leaf_nodes': None, 'max_samples': None, 'min_impurity_decrease': 0.0, 'min_impurity_split': None, 'min_samples_leaf': 1, 'min_samples_split': 2, 'min_weight_fraction_leaf': 0.0, 'n_estimators': 14, 'n_jobs': None, 'oob_score': False, 'random_state': None, 'verbose': 0, 'warm_start': False}"
5,0.9723809523809522,0.9721687848846209,0.9734430324273575,0.5228571428571429,0.9728068572966945,0.49714285714285716,0.9433333333333332,0.9409992695485966,0.9432896825396827,0.5322222222222223,0.944381451881452,0.5066666666666667,"['1', '2', '4', '6']","{'bootstrap': True, 'ccp_alpha': 0.0, 'class_weight': None, 'criterion': 'gini', 'max_depth': 2, 'max_features': 'auto', 'max_leaf_nodes': None, 'max_samples': None, 'min_impurity_decrease': 0.0, 'min_impurity_split': None, 'min_samples_leaf': 1, 'min_samples_split': 2, 'min_weight_fraction_leaf': 0.0, 'n_estimators': 10, 'n_jobs': None, 'oob_score': False, 'random_state': None, 'verbose': 0, 'warm_start': False}"
6,0.9742857142857143,0.9739994675373083,0.9761483955022857,0.5347619047619048,0.9736044359426039,0.5109523809523809,0.9422222222222222,0.9401936812336396,0.9430410145410145,0.48777777777777775,0.9439660894660895,0.47444444444444445,"['0', '4', '5', '6']","{'bootstrap': True, 'ccp_alpha': 0.0, 'class_weight': None, 'criterion': 'gini', 'max_depth': 2, 'max_features': 'auto', 'max_leaf_nodes': None, 'max_samples': None, 'min_impurity_decrease': 0.0, 'min_impurity_split': None, 'min_samples_leaf': 1, 'min_samples_split': 10, 'min_weight_fraction_leaf': 0.0, 'n_estimators': 16, 'n_jobs': None, 'oob_score': False, 'random_state': None, 'verbose': 0, 'warm_start': False}"
7,0.9642857142857143,0.9640645817642376,0.9658531685832602,0.5357142857142857,0.9638937123285622,0.5114285714285715,0.9422222222222222,0.9389186810758825,0.9404586524586526,0.4866666666666667,0.9436968586968587,0.47333333333333333,"['0', '1', '2', '4', '5', '6']","{'bootstrap': True, 'ccp_alpha': 0.0, 'class_weight': None, 'criterion': 'gini', 'max_depth': 2, 'max_features': 'auto', 'max_leaf_nodes': None, 'max_samples': None, 'min_impurity_decrease': 0.0, 'min_impurity_split': None, 'min_samples_leaf': 1, 'min_samples_split': 2, 'min_weight_fraction_leaf': 0.0, 'n_estimators': 16, 'n_jobs': None, 'oob_score': False, 'random_state': None, 'verbose': 0, 'warm_start': False}"
8,0.9761904761904762,0.9759454529327083,0.9777891391344481,0.5290476190476191,0.9757199981858078,0.5090476190476191,0.941111111111111,0.9391581033577333,0.9430791708291708,0.49333333333333335,0.9431003163503164,0.47888888888888886,"['0', '1', '3', '4']","{'bootstrap': True, 'ccp_alpha': 0.0, 'class_weight': None, 'criterion': 'gini', 'max_depth': 3, 'max_features': 'auto', 'max_leaf_nodes': None, 'max_samples': None, 'min_impurity_decrease': 0.0, 'min_impurity_split': None, 'min_samples_leaf': 2, 'min_samples_split': 5, 'min_weight_fraction_leaf': 0.0, 'n_estimators': 8, 'n_jobs': None, 'oob_score': False, 'random_state': None, 'verbose': 0, 'warm_start': False}"
9,0.9752380952380952,0.9750656971947234,0.9762208747900967,0.5166666666666667,0.9755935708351713,0.4938095238095238,0.94,0.93769873173869,0.9413354978354979,0.5366666666666666,0.9423012543012542,0.5144444444444445,"['1', '4', '5', '6']","{'bootstrap': True, 'ccp_alpha': 0.0, 'class_weight': None, 'criterion': 'gini', 'max_depth': 2, 'max_features': 'auto', 'max_leaf_nodes': None, 'max_samples': None, 'min_impurity_decrease': 0.0, 'min_impurity_split': None, 'min_samples_leaf': 1, 'min_samples_split': 2, 'min_weight_fraction_leaf': 0.0, 'n_estimators': 16, 'n_jobs': None, 'oob_score': False, 'random_state': None, 'verbose': 0, 'warm_start': False}"
10,0.9776190476190476,0.9774289823085873,0.9780225638886024,0.5085714285714286,0.9779346976717214,0.48904761904761906,0.9388888888888889,0.9361831225568876,0.9402980075480074,0.5311111111111111,0.9395810578310578,0.5255555555555556,"['3', '4']","{'bootstrap': True, 'ccp_alpha': 0.0, 'class_weight': None, 'criterion': 'gini', 'max_depth': 2, 'max_features': 'sqrt', 'max_leaf_nodes': None, 'max_samples': None, 'min_impurity_decrease': 0.0, 'min_impurity_split': None, 'min_samples_leaf': 1, 'min_samples_split': 2, 'min_weight_fraction_leaf': 0.0, 'n_estimators': 20, 'n_jobs': None, 'oob_score': False, 'random_state': None, 'verbose': 0, 'warm_start': False}"
11,0.9699999999999999,0.969866259310244,0.9713148995169588,0.5214285714285715,0.9702868287319087,0.49714285714285716,0.9377777777777777,0.9360332529116685,0.9412230824730824,0.5377777777777778,0.9375616883116882,0.5066666666666667,"['0', '1', '2', '4', '6']","{'bootstrap': True, 'ccp_alpha': 0.0, 'class_weight': None, 'criterion': 'gini', 'max_depth': 2, 'max_features': 'auto', 'max_leaf_nodes': None, 'max_samples': None, 'min_impurity_decrease': 0.0, 'min_impurity_split': None, 'min_samples_leaf': 1, 'min_samples_split': 5, 'min_weight_fraction_leaf': 0.0, 'n_estimators': 14, 'n_jobs': None, 'oob_score': False, 'random_state': None, 'verbose': 0, 'warm_start': False}"
12,0.9623809523809522,0.96210566495059,0.9642587516139207,0.52,0.9620039484415915,0.5014285714285714,0.9366666666666668,0.9354043307801215,0.9413823953823954,0.49333333333333335,0.9387907647907648,0.49666666666666665,"['0', '1', '2', '4']","{'bootstrap': True, 'ccp_alpha': 0.0, 'class_weight': None, 'criterion': 'gini', 'max_depth': 3, 'max_features': 'sqrt', 'max_leaf_nodes': None, 'max_samples': None, 'min_impurity_decrease': 0.0, 'min_impurity_split': None, 'min_samples_leaf': 2, 'min_samples_split': 5, 'min_weight_fraction_leaf': 0.0, 'n_estimators': 4, 'n_jobs': None, 'oob_score': False, 'random_state': None, 'verbose': 0, 'warm_start': False}"
13,0.9809523809523809,0.9807803292309343,0.9821427048923616,0.5304761904761904,0.9804102193404926,0.5142857142857142,0.9355555555555557,0.9330902542258648,0.9344360361860362,0.5066666666666667,0.9407382617382619,0.4666666666666667,"['0', '1', '3', '4', '6']","{'bootstrap': True, 'ccp_alpha': 0.0, 'class_weight': None, 'criterion': 'gini', 'max_depth': 2, 'max_features': 'auto', 'max_leaf_nodes': None, 'max_samples': None, 'min_impurity_decrease': 0.0, 'min_impurity_split': None, 'min_samples_leaf': 1, 'min_samples_split': 2, 'min_weight_fraction_leaf': 0.0, 'n_estimators': 16, 'n_jobs': None, 'oob_score': False, 'random_state': None, 'verbose': 0, 'warm_start': False}"
14,0.9680952380952381,0.96771289446187,0.9699515165358414,0.5285714285714286,0.9675343707929049,0.5014285714285714,0.9355555555555556,0.9319085930675917,0.9397828837828837,0.5277777777777778,0.9336432178932179,0.49666666666666665,"['1', '4', '5']","{'bootstrap': True, 'ccp_alpha': 0.0, 'class_weight': None, 'criterion': 'gini', 'max_depth': 2, 'max_features': 'auto', 'max_leaf_nodes': None, 'max_samples': None, 'min_impurity_decrease': 0.0, 'min_impurity_split': None, 'min_samples_leaf': 1, 'min_samples_split': 2, 'min_weight_fraction_leaf': 0.0, 'n_estimators': 12, 'n_jobs': None, 'oob_score': False, 'random_state': None, 'verbose': 0, 'warm_start': False}"
15,0.9728571428571428,0.9726462373895443,0.9735712398077387,0.5161904761904762,0.9729062731617855,0.4976190476190476,0.9355555555555556,0.9323295479503919,0.9382392329892331,0.5166666666666667,0.9339603452103452,0.5055555555555555,"['3', '4', '5']","{'bootstrap': True, 'ccp_alpha': 0.0, 'class_weight': None, 'criterion': 'gini', 'max_depth': 5, 'max_features': 'auto', 'max_leaf_nodes': None, 'max_samples': None, 'min_impurity_decrease': 0.0, 'min_impurity_split': None, 'min_samples_leaf': 2, 'min_samples_split': 2, 'min_weight_fraction_leaf': 0.0, 'n_estimators': 14, 'n_jobs': None, 'oob_score': False, 'random_state': None, 'verbose': 0, 'warm_start': False}"
16,0.9604761904761905,0.9601101370906587,0.961967425103924,0.5261904761904762,0.9597718870968401,0.5066666666666667,0.9355555555555555,0.9332461951007719,0.9394176379176379,0.5044444444444445,0.9345685425685426,0.48444444444444446,"['1', '2', '3', '4', '5']","{'bootstrap': True, 'ccp_alpha': 0.0, 'class_weight': None, 'criterion': 'gini', 'max_depth': 2, 'max_features': 'auto', 'max_leaf_nodes': None, 'max_samples': None, 'min_impurity_decrease': 0.0, 'min_impurity_split': None, 'min_samples_leaf': 4, 'min_samples_split': 5, 'min_weight_fraction_leaf': 0.0, 'n_estimators': 10, 'n_jobs': None, 'oob_score': False, 'random_state': None, 'verbose': 0, 'warm_start': False}"
17,0.9623809523809524,0.9620022521510319,0.9634173114116108,0.5009523809523809,0.9628295950130046,0.48523809523809525,0.9355555555555555,0.9315638198348118,0.9382227772227771,0.5322222222222223,0.9322158674658673,0.5344444444444445,"['1', '2', '3', '4']","{'bootstrap': True, 'ccp_alpha': 0.0, 'class_weight': None, 'criterion': 'gini', 'max_depth': 2, 'max_features': 'sqrt', 'max_leaf_nodes': None, 'max_samples': None, 'min_impurity_decrease': 0.0, 'min_impurity_split': None, 'min_samples_leaf': 4, 'min_samples_split': 2, 'min_weight_fraction_leaf': 0.0, 'n_estimators': 4, 'n_jobs': None, 'oob_score': False, 'random_state': None, 'verbose': 0, 'warm_start': False}"
18,0.9685714285714284,0.9684155508214108,0.9694192112362592,0.5138095238095238,0.9689050891391853,0.5042857142857143,0.9355555555555555,0.9339827038563209,0.9385737318237319,0.49666666666666665,0.936598013098013,0.49,"['1', '3', '4', '6']","{'bootstrap': True, 'ccp_alpha': 0.0, 'class_weight': None, 'criterion': 'gini', 'max_depth': 2, 'max_features': 'sqrt', 'max_leaf_nodes': None, 'max_samples': None, 'min_impurity_decrease': 0.0, 'min_impurity_split': None, 'min_samples_leaf': 1, 'min_samples_split': 10, 'min_weight_fraction_leaf': 0.0, 'n_estimators': 4, 'n_jobs': None, 'oob_score': False, 'random_state': None, 'verbose': 0, 'warm_start': False}"
19,0.9676190476190476,0.9673492106177658,0.9684106711175933,0.518095238095238,0.9674819346366829,0.5028571428571429,0.9355555555555555,0.9330024752135736,0.9391233211233211,0.5288888888888889,0.9349541847041846,0.49333333333333335,"['0', '2', '3', '4', '6']","{'bootstrap': True, 'ccp_alpha': 0.0, 'class_weight': None, 'criterion': 'gini', 'max_depth': 4, 'max_features': 'sqrt', 'max_leaf_nodes': None, 'max_samples': None, 'min_impurity_decrease': 0.0, 'min_impurity_split': None, 'min_samples_leaf': 2, 'min_samples_split': 10, 'min_weight_fraction_leaf': 0.0, 'n_estimators': 18, 'n_jobs': None, 'oob_score': False, 'random_state': None, 'verbose': 0, 'warm_start': False}"
20,0.9657142857142857,0.9654563475331827,0.9664020937386598,0.5147619047619048,0.9659364444883424,0.4938095238095238,0.9344444444444444,0.9318349459417706,0.938012654012654,0.5355555555555556,0.9341724386724387,0.5144444444444445,"['0', '1', '3', '4', '5']","{'bootstrap': True, 'ccp_alpha': 0.0, 'class_weight': None, 'criterion': 'gini', 'max_depth': 2, 'max_features': 'auto', 'max_leaf_nodes': None, 'max_samples': None, 'min_impurity_decrease': 0.0, 'min_impurity_split': None, 'min_samples_leaf': 4, 'min_samples_split': 2, 'min_weight_fraction_leaf': 0.0, 'n_estimators': 8, 'n_jobs': None, 'oob_score': False, 'random_state': None, 'verbose': 0, 'warm_start': False}"
21,0.9504761904761905,0.9501008033754954,0.9522614293391954,0.5257142857142857,0.9496948233561505,0.5076190476190476,0.9344444444444443,0.9331850374465127,0.9383784271284271,0.51,0.935533189033189,0.4822222222222222,"['2', '4', '5']","{'bootstrap': True, 'ccp_alpha': 0.0, 'class_weight': None, 'criterion': 'gini', 'max_depth': 2, 'max_features': 'auto', 'max_leaf_nodes': None, 'max_samples': None, 'min_impurity_decrease': 0.0, 'min_impurity_split': None, 'min_samples_leaf': 2, 'min_samples_split': 10, 'min_weight_fraction_leaf': 0.0, 'n_estimators': 4, 'n_jobs': None, 'oob_score': False, 'random_state': None, 'verbose': 0, 'warm_start': False}"
22,0.9304761904761905,0.9298926159331028,0.9321575235390385,0.5261904761904762,0.9305655162474115,0.49476190476190474,0.9333333333333332,0.9309608343556655,0.9333313075813074,0.5277777777777778,0.9363601676101677,0.5122222222222222,"['2', '3', '5']","{'bootstrap': True, 'ccp_alpha': 0.0, 'class_weight': None, 'criterion': 'gini', 'max_depth': None, 'max_features': 'auto', 'max_leaf_nodes': None, 'max_samples': None, 'min_impurity_decrease': 0.0, 'min_impurity_split': None, 'min_samples_leaf': 4, 'min_samples_split': 2, 'min_weight_fraction_leaf': 0.0, 'n_estimators': 6, 'n_jobs': None, 'oob_score': False, 'random_state': None, 'verbose': 0, 'warm_start': False}"
23,0.9638095238095237,0.963345978980874,0.9657993610513381,0.5290476190476191,0.9630628340303599,0.5033333333333333,0.9333333333333332,0.9275280506983689,0.934314158064158,0.5122222222222222,0.9305494505494505,0.4922222222222222,"['1', '2', '4', '5', '6']","{'bootstrap': True, 'ccp_alpha': 0.0, 'class_weight': None, 'criterion': 'gini', 'max_depth': 2, 'max_features': 'auto', 'max_leaf_nodes': None, 'max_samples': None, 'min_impurity_decrease': 0.0, 'min_impurity_split': None, 'min_samples_leaf': 1, 'min_samples_split': 5, 'min_weight_fraction_leaf': 0.0, 'n_estimators': 10, 'n_jobs': None, 'oob_score': False, 'random_state': None, 'verbose': 0, 'warm_start': False}"
24,0.9742857142857142,0.9741036976128825,0.9757452364188062,0.5219047619047619,0.973882325165001,0.5028571428571429,0.9333333333333332,0.9312183754752001,0.9367486957486959,0.5044444444444445,0.935748334998335,0.49333333333333335,"['0', '3', '4', '6']","{'bootstrap': True, 'ccp_alpha': 0.0, 'class_weight': None, 'criterion': 'gini', 'max_depth': 3, 'max_features': 'sqrt', 'max_leaf_nodes': None, 'max_samples': None, 'min_impurity_decrease': 0.0, 'min_impurity_split': None, 'min_samples_leaf': 2, 'min_samples_split': 5, 'min_weight_fraction_leaf': 0.0, 'n_estimators': 6, 'n_jobs': None, 'oob_score': False, 'random_state': None, 'verbose': 0, 'warm_start': False}"
25,0.9704761904761904,0.9701406957789124,0.9721991783705742,0.5190476190476191,0.969985748102722,0.49523809523809526,0.9333333333333331,0.9293466623986885,0.9365628260628261,0.5466666666666666,0.9311745199245199,0.5111111111111111,"['0', '2', '4']","{'bootstrap': True, 'ccp_alpha': 0.0, 'class_weight': None, 'criterion': 'gini', 'max_depth': 2, 'max_features': 'auto', 'max_leaf_nodes': None, 'max_samples': None, 'min_impurity_decrease': 0.0, 'min_impurity_split': None, 'min_samples_leaf': 1, 'min_samples_split': 2, 'min_weight_fraction_leaf': 0.0, 'n_estimators': 10, 'n_jobs': None, 'oob_score': False, 'random_state': None, 'verbose': 0, 'warm_start': False}"
26,0.9509523809523809,0.9504870730214193,0.9523543523032957,0.5185714285714286,0.9509342347479176,0.49238095238095236,0.9333333333333331,0.9298218019845482,0.9384546842046843,0.5288888888888889,0.9315672383172382,0.5177777777777778,"['2', '4', '6']","{'bootstrap': True, 'ccp_alpha': 0.0, 'class_weight': None, 'criterion': 'gini', 'max_depth': 2, 'max_features': 'auto', 'max_leaf_nodes': None, 'max_samples': None, 'min_impurity_decrease': 0.0, 'min_impurity_split': None, 'min_samples_leaf': 1, 'min_samples_split': 2, 'min_weight_fraction_leaf': 0.0, 'n_estimators': 6, 'n_jobs': None, 'oob_score': False, 'random_state': None, 'verbose': 0, 'warm_start': False}"
27,0.9638095238095237,0.9634063092996991,0.9645999330656181,0.5061904761904762,0.9636012432946273,0.49,0.9322222222222223,0.9290503080137285,0.9360252802752804,0.5466666666666666,0.9326009268509269,0.5233333333333333,"['3', '4', '5', '6']","{'bootstrap': True, 'ccp_alpha': 0.0, 'class_weight': None, 'criterion': 'gini', 'max_depth': 2, 'max_features': 'auto', 'max_leaf_nodes': None, 'max_samples': None, 'min_impurity_decrease': 0.0, 'min_impurity_split': None, 'min_samples_leaf': 4, 'min_samples_split': 10, 'min_weight_fraction_leaf': 0.0, 'n_estimators': 4, 'n_jobs': None, 'oob_score': False, 'random_state': None, 'verbose': 0, 'warm_start': False}"
28,0.9652380952380953,0.9648629706702987,0.9666431600183418,0.5161904761904762,0.9649467867481227,0.5109523809523809,0.9322222222222222,0.9283508106875451,0.9317928182928182,0.4777777777777778,0.9359003774003776,0.47444444444444445,['4'],"{'bootstrap': True, 'ccp_alpha': 0.0, 'class_weight': None, 'criterion': 'gini', 'max_depth': None, 'max_features': 'auto', 'max_leaf_nodes': None, 'max_samples': None, 'min_impurity_decrease': 0.0, 'min_impurity_split': None, 'min_samples_leaf': 2, 'min_samples_split': 10, 'min_weight_fraction_leaf': 0.0, 'n_estimators': 2, 'n_jobs': None, 'oob_score': False, 'random_state': None, 'verbose': 0, 'warm_start': False}"
29,0.9657142857142855,0.9654261831289395,0.9665412553316173,0.520952380952381,0.9654194571913779,0.5076190476190476,0.9322222222222222,0.9288499591089575,0.9332783882783883,0.47888888888888886,0.9307124819624819,0.4822222222222222,"['1', '3', '4', '5']","{'bootstrap': True, 'ccp_alpha': 0.0, 'class_weight': None, 'criterion': 'gini', 'max_depth': 2, 'max_features': 'auto', 'max_leaf_nodes': None, 'max_samples': None, 'min_impurity_decrease': 0.0, 'min_impurity_split': None, 'min_samples_leaf': 1, 'min_samples_split': 2, 'min_weight_fraction_leaf': 0.0, 'n_estimators': 4, 'n_jobs': None, 'oob_score': False, 'random_state': None, 'verbose': 0, 'warm_start': False}"
30,0.96,0.9597079929697909,0.9614517918093434,0.5119047619047619,0.9596509989419801,0.49857142857142855,0.931111111111111,0.9284483704910277,0.9333104950604949,0.5033333333333333,0.9318024475524476,0.5033333333333333,"['1', '2', '3', '4', '6']","{'bootstrap': True, 'ccp_alpha': 0.0, 'class_weight': None, 'criterion': 'gini', 'max_depth': 3, 'max_features': 'auto', 'max_leaf_nodes': None, 'max_samples': None, 'min_impurity_decrease': 0.0, 'min_impurity_split': None, 'min_samples_leaf': 2, 'min_samples_split': 10, 'min_weight_fraction_leaf': 0.0, 'n_estimators': 4, 'n_jobs': None, 'oob_score': False, 'random_state': None, 'verbose': 0, 'warm_start': False}"
31,0.9738095238095238,0.9736110248306376,0.9753897275874392,0.5323809523809524,0.9734192232402289,0.508095238095238,0.9311111111111109,0.9284436125786241,0.9326181041181042,0.51,0.9341243756243756,0.4811111111111111,"['4', '6']","{'bootstrap': True, 'ccp_alpha': 0.0, 'class_weight': None, 'criterion': 'gini', 'max_depth': 2, 'max_features': 'auto', 'max_leaf_nodes': None, 'max_samples': None, 'min_impurity_decrease': 0.0, 'min_impurity_split': None, 'min_samples_leaf': 1, 'min_samples_split': 2, 'min_weight_fraction_leaf': 0.0, 'n_estimators': 12, 'n_jobs': None, 'oob_score': False, 'random_state': None, 'verbose': 0, 'warm_start': False}"
32,0.9657142857142855,0.9654761513040127,0.9671297042901162,0.5266666666666666,0.965330196325115,0.5057142857142857,0.93,0.9265517150824529,0.9355189255189255,0.5188888888888888,0.9283518703518703,0.4866666666666667,"['2', '3', '4', '6']","{'bootstrap': True, 'ccp_alpha': 0.0, 'class_weight': None, 'criterion': 'gini', 'max_depth': 2, 'max_features': 'auto', 'max_leaf_nodes': None, 'max_samples': None, 'min_impurity_decrease': 0.0, 'min_impurity_split': None, 'min_samples_leaf': 2, 'min_samples_split': 10, 'min_weight_fraction_leaf': 0.0, 'n_estimators': 16, 'n_jobs': None, 'oob_score': False, 'random_state': None, 'verbose': 0, 'warm_start': False}"
33,0.9723809523809525,0.972135731133325,0.9737350709676796,0.5214285714285715,0.9722473001340951,0.49666666666666665,0.9299999999999998,0.9277098577302507,0.9357667332667332,0.5311111111111111,0.9291948051948051,0.5077777777777778,"['1', '2', '4', '5']","{'bootstrap': True, 'ccp_alpha': 0.0, 'class_weight': None, 'criterion': 'gini', 'max_depth': 2, 'max_features': 'auto', 'max_leaf_nodes': None, 'max_samples': None, 'min_impurity_decrease': 0.0, 'min_impurity_split': None, 'min_samples_leaf': 1, 'min_samples_split': 2, 'min_weight_fraction_leaf': 0.0, 'n_estimators': 14, 'n_jobs': None, 'oob_score': False, 'random_state': None, 'verbose': 0, 'warm_start': False}"
34,0.9780952380952381,0.9779292767506841,0.9791446070160029,0.5138095238095238,0.9780167009110002,0.4957142857142857,0.9288888888888889,0.92699487912067,0.9319531024531024,0.5144444444444445,0.9300508658008658,0.51,"['0', '2', '3', '4']","{'bootstrap': True, 'ccp_alpha': 0.0, 'class_weight': None, 'criterion': 'gini', 'max_depth': 2, 'max_features': 'auto', 'max_leaf_nodes': None, 'max_samples': None, 'min_impurity_decrease': 0.0, 'min_impurity_split': None, 'min_samples_leaf': 1, 'min_samples_split': 5, 'min_weight_fraction_leaf': 0.0, 'n_estimators': 14, 'n_jobs': None, 'oob_score': False, 'random_state': None, 'verbose': 0, 'warm_start': False}"
35,0.970952380952381,0.9706870991289154,0.9715109525085026,0.5109523809523809,0.9714525406751008,0.49333333333333335,0.9277777777777778,0.9228774519647855,0.9335649905649906,0.5188888888888888,0.9254040681540681,0.5155555555555555,"['0', '1', '4', '6']","{'bootstrap': True, 'ccp_alpha': 0.0, 'class_weight': None, 'criterion': 'gini', 'max_depth': 2, 'max_features': 'auto', 'max_leaf_nodes': None, 'max_samples': None, 'min_impurity_decrease': 0.0, 'min_impurity_split': None, 'min_samples_leaf': 1, 'min_samples_split': 5, 'min_weight_fraction_leaf': 0.0, 'n_estimators': 4, 'n_jobs': None, 'oob_score': False, 'random_state': None, 'verbose': 0, 'warm_start': False}"
36,0.9652380952380952,0.9649706247721608,0.9662540134922284,0.5023809523809524,0.9650867517938457,0.49238095238095236,0.9277777777777777,0.9253321247175872,0.9323993783993784,0.5144444444444445,0.9291295093795093,0.5177777777777778,"['0', '2', '4', '5', '6']","{'bootstrap': True, 'ccp_alpha': 0.0, 'class_weight': None, 'criterion': 'gini', 'max_depth': 2, 'max_features': 'auto', 'max_leaf_nodes': None, 'max_samples': None, 'min_impurity_decrease': 0.0, 'min_impurity_split': None, 'min_samples_leaf': 1, 'min_samples_split': 2, 'min_weight_fraction_leaf': 0.0, 'n_estimators': 4, 'n_jobs': None, 'oob_score': False, 'random_state': None, 'verbose': 0, 'warm_start': False}"
37,0.9814285714285714,0.9812391914317168,0.981992890468291,0.5114285714285715,0.9813274253991174,0.4976190476190476,0.9266666666666667,0.9235339998591915,0.9308936341436342,0.5366666666666666,0.928319042069042,0.5055555555555555,"['2', '3', '4', '5']","{'bootstrap': True, 'ccp_alpha': 0.0, 'class_weight': None, 'criterion': 'gini', 'max_depth': 2, 'max_features': 'auto', 'max_leaf_nodes': None, 'max_samples': None, 'min_impurity_decrease': 0.0, 'min_impurity_split': None, 'min_samples_leaf': 1, 'min_samples_split': 5, 'min_weight_fraction_leaf': 0.0, 'n_estimators': 16, 'n_jobs': None, 'oob_score': False, 'random_state': None, 'verbose': 0, 'warm_start': False}"
38,0.966190476190476,0.9659036998801284,0.9668591117438372,0.5076190476190476,0.9660454646847296,0.4928571428571429,0.9266666666666665,0.9239841106620754,0.9309138084138086,0.53,0.9267443667443668,0.5166666666666667,"['0', '2', '3', '4', '5', '6']","{'bootstrap': True, 'ccp_alpha': 0.0, 'class_weight': None, 'criterion': 'gini', 'max_depth': 2, 'max_features': 'sqrt', 'max_leaf_nodes': None, 'max_samples': None, 'min_impurity_decrease': 0.0, 'min_impurity_split': None, 'min_samples_leaf': 1, 'min_samples_split': 5, 'min_weight_fraction_leaf': 0.0, 'n_estimators': 8, 'n_jobs': None, 'oob_score': False, 'random_state': None, 'verbose': 0, 'warm_start': False}"
39,0.9771428571428572,0.9769102118164487,0.9779146460836392,0.5190476190476191,0.9767214667782376,0.5076190476190476,0.9266666666666665,0.9227725802958204,0.9262935675435674,0.52,0.9275839715839715,0.4822222222222222,"['0', '1', '2', '3', '4', '5']","{'bootstrap': True, 'ccp_alpha': 0.0, 'class_weight': None, 'criterion': 'gini', 'max_depth': 2, 'max_features': 'sqrt', 'max_leaf_nodes': None, 'max_samples': None, 'min_impurity_decrease': 0.0, 'min_impurity_split': None, 'min_samples_leaf': 1, 'min_samples_split': 2, 'min_weight_fraction_leaf': 0.0, 'n_estimators': 16, 'n_jobs': None, 'oob_score': False, 'random_state': None, 'verbose': 0, 'warm_start': False}"
40,0.97,0.9696742924549149,0.9720059216992856,0.5314285714285715,0.9694283930200609,0.5090476190476191,0.9266666666666665,0.9236136414960281,0.9337368187368188,0.5055555555555555,0.9300169552669553,0.47888888888888886,"['1', '4']","{'bootstrap': True, 'ccp_alpha': 0.0, 'class_weight': None, 'criterion': 'gini', 'max_depth': 2, 'max_features': 'auto', 'max_leaf_nodes': None, 'max_samples': None, 'min_impurity_decrease': 0.0, 'min_impurity_split': None, 'min_samples_leaf': 1, 'min_samples_split': 2, 'min_weight_fraction_leaf': 0.0, 'n_estimators': 10, 'n_jobs': None, 'oob_score': False, 'random_state': None, 'verbose': 0, 'warm_start': False}"
41,0.9676190476190476,0.9674322520756511,0.9688345669839948,0.520952380952381,0.9677941386734292,0.4980952380952381,0.9255555555555556,0.923928350283001,0.9301007881007881,0.5166666666666667,0.9283759018759019,0.5044444444444445,"['0', '2', '4', '5']","{'bootstrap': True, 'ccp_alpha': 0.0, 'class_weight': None, 'criterion': 'gini', 'max_depth': 7, 'max_features': 'auto', 'max_leaf_nodes': None, 'max_samples': None, 'min_impurity_decrease': 0.0, 'min_impurity_split': None, 'min_samples_leaf': 2, 'min_samples_split': 5, 'min_weight_fraction_leaf': 0.0, 'n_estimators': 6, 'n_jobs': None, 'oob_score': False, 'random_state': None, 'verbose': 0, 'warm_start': False}"
42,0.9666666666666667,0.9664202051856179,0.9677804692152047,0.5238095238095238,0.9662621044881443,0.5095238095238095,0.9255555555555556,0.9223590861913248,0.93049222999223,0.49444444444444446,0.9242675657675659,0.4777777777777778,"['0', '1', '2', '3', '4']","{'bootstrap': True, 'ccp_alpha': 0.0, 'class_weight': None, 'criterion': 'gini', 'max_depth': 2, 'max_features': 'auto', 'max_leaf_nodes': None, 'max_samples': None, 'min_impurity_decrease': 0.0, 'min_impurity_split': None, 'min_samples_leaf': 1, 'min_samples_split': 2, 'min_weight_fraction_leaf': 0.0, 'n_estimators': 6, 'n_jobs': None, 'oob_score': False, 'random_state': None, 'verbose': 0, 'warm_start': False}"
43,0.9695238095238097,0.9692928798068339,0.9707505201660338,0.5233333333333333,0.9694697332438281,0.5033333333333333,0.9244444444444444,0.921635271315484,0.9240611055611054,0.5033333333333333,0.9267684260184259,0.4922222222222222,"['0', '2', '4', '6']","{'bootstrap': True, 'ccp_alpha': 0.0, 'class_weight': None, 'criterion': 'gini', 'max_depth': 2, 'max_features': 'auto', 'max_leaf_nodes': None, 'max_samples': None, 'min_impurity_decrease': 0.0, 'min_impurity_split': None, 'min_samples_leaf': 1, 'min_samples_split': 2, 'min_weight_fraction_leaf': 0.0, 'n_estimators': 6, 'n_jobs': None, 'oob_score': False, 'random_state': None, 'verbose': 0, 'warm_start': False}"
44,0.9680952380952381,0.9678407050718291,0.9700038048314936,0.5290476190476191,0.9674335537800169,0.5057142857142857,0.9244444444444443,0.9220386366807689,0.927121212121212,0.49777777777777776,0.926881202131202,0.4866666666666667,"['1', '4', '6']","{'bootstrap': True, 'ccp_alpha': 0.0, 'class_weight': None, 'criterion': 'gini', 'max_depth': 2, 'max_features': 'auto', 'max_leaf_nodes': None, 'max_samples': None, 'min_impurity_decrease': 0.0, 'min_impurity_split': None, 'min_samples_leaf': 1, 'min_samples_split': 2, 'min_weight_fraction_leaf': 0.0, 'n_estimators': 8, 'n_jobs': None, 'oob_score': False, 'random_state': None, 'verbose': 0, 'warm_start': False}"
45,0.9638095238095238,0.9635443592953234,0.964470631074703,0.5128571428571429,0.9637239772685997,0.4976190476190476,0.9244444444444443,0.9217882745924004,0.9262055444555445,0.5322222222222223,0.9260353535353536,0.5055555555555555,"['1', '3', '4', '5', '6']","{'bootstrap': True, 'ccp_alpha': 0.0, 'class_weight': None, 'criterion': 'gini', 'max_depth': 2, 'max_features': 'auto', 'max_leaf_nodes': None, 'max_samples': None, 'min_impurity_decrease': 0.0, 'min_impurity_split': None, 'min_samples_leaf': 4, 'min_samples_split': 2, 'min_weight_fraction_leaf': 0.0, 'n_estimators': 18, 'n_jobs': None, 'oob_score': False, 'random_state': None, 'verbose': 0, 'warm_start': False}"
46,0.9357142857142855,0.9352435105535144,0.937641341797103,0.520952380952381,0.9360014777134444,0.49952380952380954,0.9233333333333331,0.9216010474723423,0.9258318903318903,0.49777777777777776,0.9270651848151849,0.5011111111111111,"['0', '1', '2', '3', '5']","{'bootstrap': True, 'ccp_alpha': 0.0, 'class_weight': None, 'criterion': 'gini', 'max_depth': 8, 'max_features': 'auto', 'max_leaf_nodes': None, 'max_samples': None, 'min_impurity_decrease': 0.0, 'min_impurity_split': None, 'min_samples_leaf': 4, 'min_samples_split': 10, 'min_weight_fraction_leaf': 0.0, 'n_estimators': 4, 'n_jobs': None, 'oob_score': False, 'random_state': None, 'verbose': 0, 'warm_start': False}"
47,0.9357142857142858,0.9352038724467556,0.9369438921647294,0.5219047619047619,0.9356210267615606,0.5014285714285714,0.9222222222222223,0.9191129099262564,0.923697718947719,0.5277777777777778,0.9234460261960262,0.49666666666666665,"['0', '2', '3', '5']","{'bootstrap': True, 'ccp_alpha': 0.0, 'class_weight': None, 'criterion': 'gini', 'max_depth': 2, 'max_features': 'auto', 'max_leaf_nodes': None, 'max_samples': None, 'min_impurity_decrease': 0.0, 'min_impurity_split': None, 'min_samples_leaf': 4, 'min_samples_split': 10, 'min_weight_fraction_leaf': 0.0, 'n_estimators': 6, 'n_jobs': None, 'oob_score': False, 'random_state': None, 'verbose': 0, 'warm_start': False}"
48,0.9623809523809522,0.962130227361597,0.9633160124518249,0.5147619047619048,0.9626022485396626,0.49714285714285716,0.921111111111111,0.9180193364374816,0.9269910367410367,0.5188888888888888,0.9200179265179265,0.5066666666666667,"['0', '4', '6']","{'bootstrap': True, 'ccp_alpha': 0.0, 'class_weight': None, 'criterion': 'gini', 'max_depth': 2, 'max_features': 'auto', 'max_leaf_nodes': None, 'max_samples': None, 'min_impurity_decrease': 0.0, 'min_impurity_split': None, 'min_samples_leaf': 1, 'min_samples_split': 5, 'min_weight_fraction_leaf': 0.0, 'n_estimators': 6, 'n_jobs': None, 'oob_score': False, 'random_state': None, 'verbose': 0, 'warm_start': False}"
49,0.9547619047619048,0.9544879648728746,0.955367804117232,0.5104761904761905,0.955203895310131,0.4928571428571429,0.92,0.9168595526319706,0.9244909812409813,0.5455555555555556,0.9210479797979798,0.5166666666666667,"['0', '1', '3', '4', '5', '6']","{'bootstrap': True, 'ccp_alpha': 0.0, 'class_weight': None, 'criterion': 'gini', 'max_depth': 2, 'max_features': 'auto', 'max_leaf_nodes': None, 'max_samples': None, 'min_impurity_decrease': 0.0, 'min_impurity_split': None, 'min_samples_leaf': 4, 'min_samples_split': 2, 'min_weight_fraction_leaf': 0.0, 'n_estimators': 4, 'n_jobs': None, 'oob_score': False, 'random_state': None, 'verbose': 0, 'warm_start': False}"
50,0.9566666666666667,0.9563492111364517,0.9579869872859575,0.5161904761904762,0.9565353846297782,0.4957142857142857,0.9188888888888889,0.9155910987331569,0.9226878676878676,0.5111111111111111,0.9194094516594516,0.51,"['4', '5', '6']","{'bootstrap': True, 'ccp_alpha': 0.0, 'class_weight': None, 'criterion': 'gini', 'max_depth': 2, 'max_features': 'auto', 'max_leaf_nodes': None, 'max_samples': None, 'min_impurity_decrease': 0.0, 'min_impurity_split': None, 'min_samples_leaf': 1, 'min_samples_split': 5, 'min_weight_fraction_leaf': 0.0, 'n_estimators': 6, 'n_jobs': None, 'oob_score': False, 'random_state': None, 'verbose': 0, 'warm_start': False}"
51,0.9609523809523808,0.960611862192864,0.9618803284565601,0.52,0.9610708194745683,0.4990476190476191,0.9177777777777777,0.9135704687267683,0.9199880952380952,0.5311111111111111,0.9221853424353423,0.5022222222222222,"['0', '1', '4', '5', '6']","{'bootstrap': True, 'ccp_alpha': 0.0, 'class_weight': None, 'criterion': 'gini', 'max_depth': 4, 'max_features': 'sqrt', 'max_leaf_nodes': None, 'max_samples': None, 'min_impurity_decrease': 0.0, 'min_impurity_split': None, 'min_samples_leaf': 4, 'min_samples_split': 5, 'min_weight_fraction_leaf': 0.0, 'n_estimators': 6, 'n_jobs': None, 'oob_score': False, 'random_state': None, 'verbose': 0, 'warm_start': False}"
52,0.9738095238095238,0.9736013367735707,0.9745497881241117,0.518095238095238,0.973835648477545,0.5004761904761905,0.9177777777777776,0.9150912073573267,0.9211774891774891,0.5277777777777778,0.9184972527472527,0.4988888888888889,"['0', '2', '3', '4', '5']","{'bootstrap': True, 'ccp_alpha': 0.0, 'class_weight': None, 'criterion': 'gini', 'max_depth': 6, 'max_features': 'sqrt', 'max_leaf_nodes': None, 'max_samples': None, 'min_impurity_decrease': 0.0, 'min_impurity_split': None, 'min_samples_leaf': 2, 'min_samples_split': 5, 'min_weight_fraction_leaf': 0.0, 'n_estimators': 10, 'n_jobs': None, 'oob_score': False, 'random_state': None, 'verbose': 0, 'warm_start': False}"
53,0.9419047619047619,0.941364194403475,0.9429406848117408,0.520952380952381,0.9410633071080069,0.5066666666666667,0.9166666666666667,0.9129476192657644,0.9195722055722055,0.5033333333333333,0.9175148185148185,0.48444444444444446,"['0', '1', '2', '3', '6']","{'bootstrap': True, 'ccp_alpha': 0.0, 'class_weight': None, 'criterion': 'gini', 'max_depth': 5, 'max_features': 'sqrt', 'max_leaf_nodes': None, 'max_samples': None, 'min_impurity_decrease': 0.0, 'min_impurity_split': None, 'min_samples_leaf': 2, 'min_samples_split': 5, 'min_weight_fraction_leaf': 0.0, 'n_estimators': 10, 'n_jobs': None, 'oob_score': False, 'random_state': None, 'verbose': 0, 'warm_start': False}"
54,0.9699999999999999,0.9697045601876892,0.9716597142688205,0.5285714285714286,0.9695393918270448,0.5061904761904762,0.9166666666666665,0.9135343597905115,0.9161720779220779,0.5044444444444445,0.921486568986569,0.4855555555555556,"['0', '4', '5']","{'bootstrap': True, 'ccp_alpha': 0.0, 'class_weight': None, 'criterion': 'gini', 'max_depth': 2, 'max_features': 'auto', 'max_leaf_nodes': None, 'max_samples': None, 'min_impurity_decrease': 0.0, 'min_impurity_split': None, 'min_samples_leaf': 1, 'min_samples_split': 5, 'min_weight_fraction_leaf': 0.0, 'n_estimators': 14, 'n_jobs': None, 'oob_score': False, 'random_state': None, 'verbose': 0, 'warm_start': False}"
55,0.9366666666666665,0.936082436468748,0.938460435492627,0.5219047619047619,0.9364346767290231,0.4976190476190476,0.9155555555555555,0.9126946669845512,0.9206031746031746,0.49444444444444446,0.9163549783549783,0.5055555555555555,"['1', '2', '3']","{'bootstrap': True, 'ccp_alpha': 0.0, 'class_weight': None, 'criterion': 'gini', 'max_depth': 2, 'max_features': 'auto', 'max_leaf_nodes': None, 'max_samples': None, 'min_impurity_decrease': 0.0, 'min_impurity_split': None, 'min_samples_leaf': 1, 'min_samples_split': 5, 'min_weight_fraction_leaf': 0.0, 'n_estimators': 6, 'n_jobs': None, 'oob_score': False, 'random_state': None, 'verbose': 0, 'warm_start': False}"
56,0.930952380952381,0.9303140832034509,0.9319550238014231,0.4976190476190476,0.9303405147825259,0.49714285714285716,0.9144444444444444,0.9106939771241157,0.9142283827283828,0.51,0.9175328282828283,0.5066666666666667,['3'],"{'bootstrap': True, 'ccp_alpha': 0.0, 'class_weight': None, 'criterion': 'gini', 'max_depth': 2, 'max_features': 'auto', 'max_leaf_nodes': None, 'max_samples': None, 'min_impurity_decrease': 0.0, 'min_impurity_split': None, 'min_samples_leaf': 2, 'min_samples_split': 10, 'min_weight_fraction_leaf': 0.0, 'n_estimators': 8, 'n_jobs': None, 'oob_score': False, 'random_state': None, 'verbose': 0, 'warm_start': False}"
57,0.9495238095238094,0.9491337775058356,0.951112951071677,0.49523809523809526,0.9497898841986,0.49238095238095236,0.9144444444444444,0.9096651622625441,0.920194721944722,0.5077777777777778,0.9109418081918083,0.5177777777777778,"['2', '3', '4']","{'bootstrap': True, 'ccp_alpha': 0.0, 'class_weight': None, 'criterion': 'gini', 'max_depth': 3, 'max_features': 'sqrt', 'max_leaf_nodes': None, 'max_samples': None, 'min_impurity_decrease': 0.0, 'min_impurity_split': None, 'min_samples_leaf': 2, 'min_samples_split': 5, 'min_weight_fraction_leaf': 0.0, 'n_estimators': 2, 'n_jobs': None, 'oob_score': False, 'random_state': None, 'verbose': 0, 'warm_start': False}"
58,0.9857142857142857,0.9856013631205067,0.9856477527326026,0.4928571428571429,0.985913647211884,0.4880952380952381,0.9144444444444444,0.9106267253309251,0.9178443223443224,0.5377777777777778,0.9118389943389943,0.5277777777777778,"['0', '1', '2', '3', '4', '6']","{'bootstrap': True, 'ccp_alpha': 0.0, 'class_weight': None, 'criterion': 'gini', 'max_depth': 3, 'max_features': 'auto', 'max_leaf_nodes': None, 'max_samples': None, 'min_impurity_decrease': 0.0, 'min_impurity_split': None, 'min_samples_leaf': 1, 'min_samples_split': 2, 'min_weight_fraction_leaf': 0.0, 'n_estimators': 8, 'n_jobs': None, 'oob_score': False, 'random_state': None, 'verbose': 0, 'warm_start': False}"
59,0.9328571428571426,0.9324652556997589,0.9346618683420945,0.5276190476190477,0.9335302399355032,0.4928571428571429,0.9144444444444444,0.9096648221071062,0.9168758463758465,0.5577777777777778,0.9127076812076811,0.5166666666666667,['2'],"{'bootstrap': True, 'ccp_alpha': 0.0, 'class_weight': None, 'criterion': 'gini', 'max_depth': 2, 'max_features': 'auto', 'max_leaf_nodes': None, 'max_samples': None, 'min_impurity_decrease': 0.0, 'min_impurity_split': None, 'min_samples_leaf': 1, 'min_samples_split': 2, 'min_weight_fraction_leaf': 0.0, 'n_estimators': 2, 'n_jobs': None, 'oob_score': False, 'random_state': None, 'verbose': 0, 'warm_start': False}"
60,0.958095238095238,0.9578247384865345,0.9596639628868462,0.5147619047619048,0.9580478525034589,0.5042857142857143,0.9144444444444444,0.9113521236111223,0.9200965423465423,0.5022222222222222,0.9143832556332555,0.49,"['0', '1', '2', '3', '4', '5', '6']","{'bootstrap': True, 'ccp_alpha': 0.0, 'class_weight': None, 'criterion': 'gini', 'max_depth': 2, 'max_features': 'auto', 'max_leaf_nodes': None, 'max_samples': None, 'min_impurity_decrease': 0.0, 'min_impurity_split': None, 'min_samples_leaf': 2, 'min_samples_split': 2, 'min_weight_fraction_leaf': 0.0, 'n_estimators': 4, 'n_jobs': None, 'oob_score': False, 'random_state': None, 'verbose': 0, 'warm_start': False}"
61,0.9380952380952382,0.9376423871604403,0.9391294594253506,0.5161904761904762,0.9382684555106282,0.5123809523809524,0.9144444444444443,0.9110346233245076,0.9173379398379398,0.47444444444444445,0.9159213841713841,0.4711111111111111,"['3', '5']","{'bootstrap': True, 'ccp_alpha': 0.0, 'class_weight': None, 'criterion': 'gini', 'max_depth': 2, 'max_features': 'auto', 'max_leaf_nodes': None, 'max_samples': None, 'min_impurity_decrease': 0.0, 'min_impurity_split': None, 'min_samples_leaf': 1, 'min_samples_split': 5, 'min_weight_fraction_leaf': 0.0, 'n_estimators': 6, 'n_jobs': None, 'oob_score': False, 'random_state': None, 'verbose': 0, 'warm_start': False}"
62,0.9342857142857143,0.9338114823317032,0.9355192754808046,0.5119047619047619,0.9340818172995249,0.4976190476190476,0.9122222222222223,0.9099236174802201,0.9169888444888444,0.5155555555555555,0.9147294372294372,0.5055555555555555,"['2', '3']","{'bootstrap': True, 'ccp_alpha': 0.0, 'class_weight': None, 'criterion': 'gini', 'max_depth': 2, 'max_features': 'auto', 'max_leaf_nodes': None, 'max_samples': None, 'min_impurity_decrease': 0.0, 'min_impurity_split': None, 'min_samples_leaf': 2, 'min_samples_split': 10, 'min_weight_fraction_leaf': 0.0, 'n_estimators': 4, 'n_jobs': None, 'oob_score': False, 'random_state': None, 'verbose': 0, 'warm_start': False}"
63,0.923809523809524,0.9229846134273797,0.9269705308963183,0.5157142857142857,0.9235319029185767,0.4938095238095238,0.9122222222222223,0.9081239518633852,0.9150130702630703,0.5244444444444445,0.9122658452658454,0.5144444444444445,"['0', '1', '2', '3']","{'bootstrap': True, 'ccp_alpha': 0.0, 'class_weight': None, 'criterion': 'gini', 'max_depth': 2, 'max_features': 'auto', 'max_leaf_nodes': None, 'max_samples': None, 'min_impurity_decrease': 0.0, 'min_impurity_split': None, 'min_samples_leaf': 4, 'min_samples_split': 2, 'min_weight_fraction_leaf': 0.0, 'n_estimators': 2, 'n_jobs': None, 'oob_score': False, 'random_state': None, 'verbose': 0, 'warm_start': False}"
64,0.9752380952380952,0.9749945140529455,0.9761878637634929,0.518095238095238,0.9754325058558199,0.5,0.9122222222222222,0.9078698372984012,0.9147450049950051,0.5144444444444445,0.9093129370629373,0.5,"['0', '1', '4', '5']","{'bootstrap': True, 'ccp_alpha': 0.0, 'class_weight': None, 'criterion': 'gini', 'max_depth': 2, 'max_features': 'auto', 'max_leaf_nodes': None, 'max_samples': None, 'min_impurity_decrease': 0.0, 'min_impurity_split': None, 'min_samples_leaf': 1, 'min_samples_split': 2, 'min_weight_fraction_leaf': 0.0, 'n_estimators': 6, 'n_jobs': None, 'oob_score': False, 'random_state': None, 'verbose': 0, 'warm_start': False}"
65,0.9442857142857142,0.943807504974275,0.9447584666373098,0.5095238095238095,0.9443113774968096,0.48904761904761906,0.9111111111111111,0.9077916923130612,0.9141478243978244,0.51,0.9131628371628371,0.5255555555555556,"['2', '3', '5', '6']","{'bootstrap': True, 'ccp_alpha': 0.0, 'class_weight': None, 'criterion': 'gini', 'max_depth': 2, 'max_features': 'auto', 'max_leaf_nodes': None, 'max_samples': None, 'min_impurity_decrease': 0.0, 'min_impurity_split': None, 'min_samples_leaf': 1, 'min_samples_split': 5, 'min_weight_fraction_leaf': 0.0, 'n_estimators': 16, 'n_jobs': None, 'oob_score': False, 'random_state': None, 'verbose': 0, 'warm_start': False}"
66,0.9480952380952381,0.9474467257995355,0.9503652573573457,0.5076190476190476,0.9473624169312687,0.49857142857142855,0.911111111111111,0.9081483899856494,0.9132989510489512,0.51,0.9142830780330781,0.5033333333333333,"['0', '1', '2', '4', '5']","{'bootstrap': True, 'ccp_alpha': 0.0, 'class_weight': None, 'criterion': 'gini', 'max_depth': 2, 'max_features': 'auto', 'max_leaf_nodes': None, 'max_samples': None, 'min_impurity_decrease': 0.0, 'min_impurity_split': None, 'min_samples_leaf': 4, 'min_samples_split': 5, 'min_weight_fraction_leaf': 0.0, 'n_estimators': 2, 'n_jobs': None, 'oob_score': False, 'random_state': None, 'verbose': 0, 'warm_start': False}"
67,0.9204761904761906,0.9199513772332369,0.9223027417247804,0.5219047619047619,0.9203227031385329,0.5042857142857143,0.911111111111111,0.9065994136507664,0.9183032245532244,0.5144444444444445,0.9104273226773226,0.49,"['0', '2', '3']","{'bootstrap': True, 'ccp_alpha': 0.0, 'class_weight': None, 'criterion': 'gini', 'max_depth': 4, 'max_features': 'sqrt', 'max_leaf_nodes': None, 'max_samples': None, 'min_impurity_decrease': 0.0, 'min_impurity_split': None, 'min_samples_leaf': 4, 'min_samples_split': 10, 'min_weight_fraction_leaf': 0.0, 'n_estimators': 2, 'n_jobs': None, 'oob_score': False, 'random_state': None, 'verbose': 0, 'warm_start': False}"
68,0.9333333333333332,0.9330467385642989,0.934774566356603,0.5152380952380953,0.9338590573931534,0.49238095238095236,0.91,0.9072540642917005,0.9137419524919526,0.5388888888888889,0.9098984071484072,0.5177777777777778,"['0', '2']","{'bootstrap': True, 'ccp_alpha': 0.0, 'class_weight': None, 'criterion': 'gini', 'max_depth': 2, 'max_features': 'auto', 'max_leaf_nodes': None, 'max_samples': None, 'min_impurity_decrease': 0.0, 'min_impurity_split': None, 'min_samples_leaf': 1, 'min_samples_split': 2, 'min_weight_fraction_leaf': 0.0, 'n_estimators': 6, 'n_jobs': None, 'oob_score': False, 'random_state': None, 'verbose': 0, 'warm_start': False}"
69,0.9619047619047617,0.9615593529462594,0.9630944159112351,0.5042857142857143,0.9616846483312831,0.4957142857142857,0.907777777777778,0.9039601693859604,0.9127860472860475,0.4955555555555556,0.9085390165390166,0.51,"['2', '3', '4', '5', '6']","{'bootstrap': True, 'ccp_alpha': 0.0, 'class_weight': None, 'criterion': 'gini', 'max_depth': 2, 'max_features': 'auto', 'max_leaf_nodes': None, 'max_samples': None, 'min_impurity_decrease': 0.0, 'min_impurity_split': None, 'min_samples_leaf': 1, 'min_samples_split': 5, 'min_weight_fraction_leaf': 0.0, 'n_estimators': 4, 'n_jobs': None, 'oob_score': False, 'random_state': None, 'verbose': 0, 'warm_start': False}"
70,0.9471428571428572,0.9466842957220765,0.9490561298078091,0.5166666666666667,0.9465633346230802,0.4990476190476191,0.9066666666666666,0.9039613845084635,0.9100674603174602,0.5066666666666667,0.9095223665223665,0.5022222222222222,"['1', '2', '3', '4', '5', '6']","{'bootstrap': True, 'ccp_alpha': 0.0, 'class_weight': None, 'criterion': 'gini', 'max_depth': 2, 'max_features': 'auto', 'max_leaf_nodes': None, 'max_samples': None, 'min_impurity_decrease': 0.0, 'min_impurity_split': None, 'min_samples_leaf': 4, 'min_samples_split': 10, 'min_weight_fraction_leaf': 0.0, 'n_estimators': 4, 'n_jobs': None, 'oob_score': False, 'random_state': None, 'verbose': 0, 'warm_start': False}"
71,0.937142857142857,0.9367309791639704,0.9379657859897093,0.518095238095238,0.9372203925686493,0.5047619047619047,0.9066666666666666,0.903123284356122,0.9090220335220335,0.5177777777777778,0.9074715284715283,0.4888888888888889,"['0', '1', '2', '3', '5', '6']","{'bootstrap': True, 'ccp_alpha': 0.0, 'class_weight': None, 'criterion': 'gini', 'max_depth': 4, 'max_features': 'sqrt', 'max_leaf_nodes': None, 'max_samples': None, 'min_impurity_decrease': 0.0, 'min_impurity_split': None, 'min_samples_leaf': 4, 'min_samples_split': 5, 'min_weight_fraction_leaf': 0.0, 'n_estimators': 4, 'n_jobs': None, 'oob_score': False, 'random_state': None, 'verbose': 0, 'warm_start': False}"
72,0.94,0.9394753453323128,0.9410850640527717,0.5076190476190476,0.9396409658863892,0.49142857142857144,0.9066666666666666,0.9018209992681524,0.9143855866355866,0.5577777777777778,0.9058015873015873,0.52,"['1', '2', '3', '5']","{'bootstrap': True, 'ccp_alpha': 0.0, 'class_weight': None, 'criterion': 'gini', 'max_depth': 2, 'max_features': 'sqrt', 'max_leaf_nodes': None, 'max_samples': None, 'min_impurity_decrease': 0.0, 'min_impurity_split': None, 'min_samples_leaf': 4, 'min_samples_split': 2, 'min_weight_fraction_leaf': 0.0, 'n_estimators': 6, 'n_jobs': None, 'oob_score': False, 'random_state': None, 'verbose': 0, 'warm_start': False}"
73,0.9461904761904762,0.9455793351476555,0.9477806954916727,0.5004761904761905,0.9453172904651771,0.5028571428571429,0.9044444444444444,0.9002592232229465,0.9083832833832833,0.4911111111111111,0.9061526529026529,0.49333333333333335,"['0', '1', '3', '5']","{'bootstrap': True, 'ccp_alpha': 0.0, 'class_weight': None, 'criterion': 'gini', 'max_depth': 2, 'max_features': 'sqrt', 'max_leaf_nodes': None, 'max_samples': None, 'min_impurity_decrease': 0.0, 'min_impurity_split': None, 'min_samples_leaf': 2, 'min_samples_split': 5, 'min_weight_fraction_leaf': 0.0, 'n_estimators': 6, 'n_jobs': None, 'oob_score': False, 'random_state': None, 'verbose': 0, 'warm_start': False}"
74,0.9647619047619048,0.9644811283303139,0.9658146318362095,0.5071428571428571,0.9645667621157056,0.4919047619047619,0.9044444444444443,0.9003749418696249,0.9052735042735042,0.5055555555555555,0.9083891663891663,0.5188888888888888,"['3', '4', '6']","{'bootstrap': True, 'ccp_alpha': 0.0, 'class_weight': None, 'criterion': 'gini', 'max_depth': 2, 'max_features': 'auto', 'max_leaf_nodes': None, 'max_samples': None, 'min_impurity_decrease': 0.0, 'min_impurity_split': None, 'min_samples_leaf': 1, 'min_samples_split': 5, 'min_weight_fraction_leaf': 0.0, 'n_estimators': 6, 'n_jobs': None, 'oob_score': False, 'random_state': None, 'verbose': 0, 'warm_start': False}"
75,0.9523809523809522,0.951882360068143,0.9536185382698844,0.4957142857142857,0.9517956138214249,0.4938095238095238,0.9011111111111112,0.8970374746893525,0.9098321955821956,0.49777777777777776,0.9039086469086469,0.5144444444444445,"['0', '3', '4', '5']","{'bootstrap': True, 'ccp_alpha': 0.0, 'class_weight': None, 'criterion': 'gini', 'max_depth': 2, 'max_features': 'sqrt', 'max_leaf_nodes': None, 'max_samples': None, 'min_impurity_decrease': 0.0, 'min_impurity_split': None, 'min_samples_leaf': 4, 'min_samples_split': 10, 'min_weight_fraction_leaf': 0.0, 'n_estimators': 2, 'n_jobs': None, 'oob_score': False, 'random_state': None, 'verbose': 0, 'warm_start': False}"
76,0.9295238095238093,0.9290582323595662,0.9314831587771047,0.5219047619047619,0.9293802391353878,0.5076190476190476,0.901111111111111,0.898783380233084,0.9050599123099125,0.48333333333333334,0.9041266233766234,0.4822222222222222,"['1', '2', '5']","{'bootstrap': True, 'ccp_alpha': 0.0, 'class_weight': None, 'criterion': 'gini', 'max_depth': 2, 'max_features': 'auto', 'max_leaf_nodes': None, 'max_samples': None, 'min_impurity_decrease': 0.0, 'min_impurity_split': None, 'min_samples_leaf': 1, 'min_samples_split': 5, 'min_weight_fraction_leaf': 0.0, 'n_estimators': 4, 'n_jobs': None, 'oob_score': False, 'random_state': None, 'verbose': 0, 'warm_start': False}"
77,0.9342857142857142,0.9337691368825256,0.936672814214472,0.5161904761904762,0.9338385236321836,0.4980952380952381,0.9000000000000001,0.896587364830022,0.9041813186813188,0.5155555555555555,0.900235236985237,0.5044444444444445,"['0', '2', '5']","{'bootstrap': True, 'ccp_alpha': 0.0, 'class_weight': None, 'criterion': 'gini', 'max_depth': 2, 'max_features': 'auto', 'max_leaf_nodes': None, 'max_samples': None, 'min_impurity_decrease': 0.0, 'min_impurity_split': None, 'min_samples_leaf': 2, 'min_samples_split': 5, 'min_weight_fraction_leaf': 0.0, 'n_estimators': 6, 'n_jobs': None, 'oob_score': False, 'random_state': None, 'verbose': 0, 'warm_start': False}"
78,0.9676190476190476,0.967318681472301,0.9683150456840387,0.4961904761904762,0.9676417544384094,0.4961904761904762,0.9,0.8967028024450088,0.9039925352425352,0.5044444444444445,0.903939060939061,0.5088888888888888,"['0', '2', '3', '5', '6']","{'bootstrap': True, 'ccp_alpha': 0.0, 'class_weight': None, 'criterion': 'gini', 'max_depth': 3, 'max_features': 'auto', 'max_leaf_nodes': None, 'max_samples': None, 'min_impurity_decrease': 0.0, 'min_impurity_split': None, 'min_samples_leaf': 1, 'min_samples_split': 2, 'min_weight_fraction_leaf': 0.0, 'n_estimators': 6, 'n_jobs': None, 'oob_score': False, 'random_state': None, 'verbose': 0, 'warm_start': False}"
79,0.9580952380952381,0.9576002289211937,0.9589053654862311,0.4976190476190476,0.9572883110473229,0.49666666666666665,0.9,0.8948269338467278,0.9002664002664003,0.5011111111111111,0.9007762792762795,0.5077777777777778,"['0', '1', '3']","{'bootstrap': True, 'ccp_alpha': 0.0, 'class_weight': None, 'criterion': 'gini', 'max_depth': 7, 'max_features': 'sqrt', 'max_leaf_nodes': None, 'max_samples': None, 'min_impurity_decrease': 0.0, 'min_impurity_split': None, 'min_samples_leaf': 1, 'min_samples_split': 10, 'min_weight_fraction_leaf': 0.0, 'n_estimators': 18, 'n_jobs': None, 'oob_score': False, 'random_state': None, 'verbose': 0, 'warm_start': False}"
80,0.9452380952380952,0.9449225742017231,0.9460774235829829,0.5085714285714286,0.9463400668997923,0.4861904761904762,0.8988888888888888,0.8955285720852486,0.8987378732378732,0.5288888888888889,0.9006740204240206,0.5322222222222223,"['0', '2', '3', '6']","{'bootstrap': True, 'ccp_alpha': 0.0, 'class_weight': None, 'criterion': 'gini', 'max_depth': 2, 'max_features': 'sqrt', 'max_leaf_nodes': None, 'max_samples': None, 'min_impurity_decrease': 0.0, 'min_impurity_split': None, 'min_samples_leaf': 1, 'min_samples_split': 5, 'min_weight_fraction_leaf': 0.0, 'n_estimators': 8, 'n_jobs': None, 'oob_score': False, 'random_state': None, 'verbose': 0, 'warm_start': False}"
81,0.952857142857143,0.9522916127183371,0.9553551217153047,0.4866666666666667,0.9528065917428618,0.4928571428571429,0.8988888888888888,0.8940211236490885,0.9046292318792319,0.4822222222222222,0.8980828615828617,0.5166666666666667,"['0', '3', '4', '5', '6']","{'bootstrap': True, 'ccp_alpha': 0.0, 'class_weight': None, 'criterion': 'gini', 'max_depth': 4, 'max_features': 'sqrt', 'max_leaf_nodes': None, 'max_samples': None, 'min_impurity_decrease': 0.0, 'min_impurity_split': None, 'min_samples_leaf': 2, 'min_samples_split': 10, 'min_weight_fraction_leaf': 0.0, 'n_estimators': 2, 'n_jobs': None, 'oob_score': False, 'random_state': None, 'verbose': 0, 'warm_start': False}"
82,0.9485714285714285,0.9479503455439978,0.9489460291155877,0.5152380952380953,0.9482090371329064,0.5038095238095238,0.8977777777777779,0.8924660687487582,0.8992056277056278,0.5111111111111111,0.9010942390942391,0.4911111111111111,"['0', '3', '5']","{'bootstrap': True, 'ccp_alpha': 0.0, 'class_weight': None, 'criterion': 'gini', 'max_depth': 7, 'max_features': 'auto', 'max_leaf_nodes': None, 'max_samples': None, 'min_impurity_decrease': 0.0, 'min_impurity_split': None, 'min_samples_leaf': 4, 'min_samples_split': 5, 'min_weight_fraction_leaf': 0.0, 'n_estimators': 10, 'n_jobs': None, 'oob_score': False, 'random_state': None, 'verbose': 0, 'warm_start': False}"
83,0.9447619047619048,0.9441162834898025,0.9462465960517551,0.5242857142857142,0.9444881500403843,0.4976190476190476,0.8977777777777777,0.8929171195211713,0.9024003496503497,0.5544444444444444,0.9013036963036963,0.5055555555555555,"['1', '2']","{'bootstrap': True, 'ccp_alpha': 0.0, 'class_weight': None, 'criterion': 'gini', 'max_depth': 2, 'max_features': 'sqrt', 'max_leaf_nodes': None, 'max_samples': None, 'min_impurity_decrease': 0.0, 'min_impurity_split': None, 'min_samples_leaf': 1, 'min_samples_split': 5, 'min_weight_fraction_leaf': 0.0, 'n_estimators': 20, 'n_jobs': None, 'oob_score': False, 'random_state': None, 'verbose': 0, 'warm_start': False}"
84,0.9423809523809524,0.9417744070791224,0.9434394043919418,0.5238095238095238,0.9417083157438725,0.5042857142857143,0.8966666666666667,0.8919618960517803,0.9013889443889443,0.49333333333333335,0.8976328116328118,0.49,"['0', '3', '5', '6']","{'bootstrap': True, 'ccp_alpha': 0.0, 'class_weight': None, 'criterion': 'gini', 'max_depth': 2, 'max_features': 'sqrt', 'max_leaf_nodes': None, 'max_samples': None, 'min_impurity_decrease': 0.0, 'min_impurity_split': None, 'min_samples_leaf': 4, 'min_samples_split': 2, 'min_weight_fraction_leaf': 0.0, 'n_estimators': 10, 'n_jobs': None, 'oob_score': False, 'random_state': None, 'verbose': 0, 'warm_start': False}"
85,0.9452380952380952,0.9445005026083116,0.9471803383054729,0.5228571428571429,0.9443712868287641,0.5109523809523809,0.8966666666666666,0.8905569294039344,0.8976422743922744,0.5,0.8988631646131647,0.47444444444444445,"['1', '3', '5']","{'bootstrap': True, 'ccp_alpha': 0.0, 'class_weight': None, 'criterion': 'gini', 'max_depth': 7, 'max_features': 'auto', 'max_leaf_nodes': None, 'max_samples': None, 'min_impurity_decrease': 0.0, 'min_impurity_split': None, 'min_samples_leaf': 2, 'min_samples_split': 10, 'min_weight_fraction_leaf': 0.0, 'n_estimators': 6, 'n_jobs': None, 'oob_score': False, 'random_state': None, 'verbose': 0, 'warm_start': False}"
86,0.9442857142857143,0.9438898131904883,0.9458795856381096,0.5142857142857142,0.9438931639616421,0.5023809523809524,0.8966666666666666,0.8930619276116315,0.8994932844932846,0.49777777777777776,0.899093933843934,0.49444444444444446,"['0', '1', '3', '6']","{'bootstrap': True, 'ccp_alpha': 0.0, 'class_weight': None, 'criterion': 'gini', 'max_depth': 3, 'max_features': 'auto', 'max_leaf_nodes': None, 'max_samples': None, 'min_impurity_decrease': 0.0, 'min_impurity_split': None, 'min_samples_leaf': 2, 'min_samples_split': 2, 'min_weight_fraction_leaf': 0.0, 'n_estimators': 8, 'n_jobs': None, 'oob_score': False, 'random_state': None, 'verbose': 0, 'warm_start': False}"
87,0.9476190476190476,0.9471323830913332,0.9486490701077389,0.49333333333333335,0.9471468421887859,0.49333333333333335,0.8966666666666666,0.8929308871398116,0.8949836552336552,0.5166666666666667,0.899941835941836,0.5155555555555555,"['0', '3']","{'bootstrap': True, 'ccp_alpha': 0.0, 'class_weight': None, 'criterion': 'gini', 'max_depth': 2, 'max_features': 'auto', 'max_leaf_nodes': None, 'max_samples': None, 'min_impurity_decrease': 0.0, 'min_impurity_split': None, 'min_samples_leaf': 1, 'min_samples_split': 2, 'min_weight_fraction_leaf': 0.0, 'n_estimators': 8, 'n_jobs': None, 'oob_score': False, 'random_state': None, 'verbose': 0, 'warm_start': False}"
88,0.9371428571428573,0.9366061531107467,0.938298264451108,0.5185714285714286,0.9371357923794994,0.5004761904761905,0.8955555555555557,0.8916447885932195,0.8951153291153291,0.4811111111111111,0.8965909090909091,0.4988888888888889,"['0', '1', '3', '5', '6']","{'bootstrap': True, 'ccp_alpha': 0.0, 'class_weight': None, 'criterion': 'gini', 'max_depth': 2, 'max_features': 'auto', 'max_leaf_nodes': None, 'max_samples': None, 'min_impurity_decrease': 0.0, 'min_impurity_split': None, 'min_samples_leaf': 4, 'min_samples_split': 10, 'min_weight_fraction_leaf': 0.0, 'n_estimators': 4, 'n_jobs': None, 'oob_score': False, 'random_state': None, 'verbose': 0, 'warm_start': False}"
89,0.9323809523809525,0.9318098975400368,0.9331089674862761,0.5061904761904762,0.9322011203607716,0.4957142857142857,0.8955555555555554,0.8914218003475912,0.9008566988566988,0.5166666666666667,0.8954113941613941,0.51,"['3', '5', '6']","{'bootstrap': True, 'ccp_alpha': 0.0, 'class_weight': None, 'criterion': 'gini', 'max_depth': 7, 'max_features': 'sqrt', 'max_leaf_nodes': None, 'max_samples': None, 'min_impurity_decrease': 0.0, 'min_impurity_split': None, 'min_samples_leaf': 4, 'min_samples_split': 5, 'min_weight_fraction_leaf': 0.0, 'n_estimators': 4, 'n_jobs': None, 'oob_score': False, 'random_state': None, 'verbose': 0, 'warm_start': False}"
90,0.9485714285714285,0.9479711014402709,0.9521495681304034,0.5233333333333333,0.9478060180288743,0.5109523809523809,0.8955555555555554,0.8930565341539902,0.9017685092685093,0.5122222222222222,0.9023446553446552,0.47444444444444445,"['0', '4']","{'bootstrap': True, 'ccp_alpha': 0.0, 'class_weight': None, 'criterion': 'gini', 'max_depth': 3, 'max_features': 'sqrt', 'max_leaf_nodes': None, 'max_samples': None, 'min_impurity_decrease': 0.0, 'min_impurity_split': None, 'min_samples_leaf': 4, 'min_samples_split': 5, 'min_weight_fraction_leaf': 0.0, 'n_estimators': 2, 'n_jobs': None, 'oob_score': False, 'random_state': None, 'verbose': 0, 'warm_start': False}"
91,0.9490476190476188,0.9486315072067241,0.9494379868333159,0.5128571428571429,0.949381223406348,0.5019047619047619,0.8933333333333333,0.8886357980609898,0.8926058386058385,0.5,0.8955427072927074,0.4955555555555556,"['1', '2', '3', '5', '6']","{'bootstrap': True, 'ccp_alpha': 0.0, 'class_weight': None, 'criterion': 'gini', 'max_depth': 2, 'max_features': 'auto', 'max_leaf_nodes': None, 'max_samples': None, 'min_impurity_decrease': 0.0, 'min_impurity_split': None, 'min_samples_leaf': 1, 'min_samples_split': 10, 'min_weight_fraction_leaf': 0.0, 'n_estimators': 12, 'n_jobs': None, 'oob_score': False, 'random_state': None, 'verbose': 0, 'warm_start': False}"
92,0.949047619047619,0.9486453732218579,0.9515166102016418,0.5042857142857143,0.9487867580192052,0.5057142857142857,0.8922222222222222,0.8879858666355706,0.9004414751914753,0.4811111111111111,0.8901358918858918,0.4866666666666667,"['1', '3', '4']","{'bootstrap': True, 'ccp_alpha': 0.0, 'class_weight': None, 'criterion': 'gini', 'max_depth': 4, 'max_features': 'sqrt', 'max_leaf_nodes': None, 'max_samples': None, 'min_impurity_decrease': 0.0, 'min_impurity_split': None, 'min_samples_leaf': 2, 'min_samples_split': 10, 'min_weight_fraction_leaf': 0.0, 'n_estimators': 2, 'n_jobs': None, 'oob_score': False, 'random_state': None, 'verbose': 0, 'warm_start': False}"
93,0.9247619047619048,0.9240666772598441,0.9272546407383565,0.5047619047619047,0.9243713409016613,0.5066666666666667,0.8900000000000001,0.8861810832539532,0.8939205516705517,0.48333333333333334,0.8907687590187591,0.48444444444444446,"['3', '6']","{'bootstrap': True, 'ccp_alpha': 0.0, 'class_weight': None, 'criterion': 'gini', 'max_depth': 2, 'max_features': 'auto', 'max_leaf_nodes': None, 'max_samples': None, 'min_impurity_decrease': 0.0, 'min_impurity_split': None, 'min_samples_leaf': 1, 'min_samples_split': 10, 'min_weight_fraction_leaf': 0.0, 'n_estimators': 2, 'n_jobs': None, 'oob_score': False, 'random_state': None, 'verbose': 0, 'warm_start': False}"
94,0.9080952380952381,0.907269644744897,0.9111737756675804,0.5142857142857142,0.9076346318889529,0.5052380952380953,0.8877777777777779,0.8833636577941734,0.8935391552891554,0.5,0.8894063714063714,0.48777777777777775,"['1', '2', '6']","{'bootstrap': True, 'ccp_alpha': 0.0, 'class_weight': None, 'criterion': 'gini', 'max_depth': 4, 'max_features': 'sqrt', 'max_leaf_nodes': None, 'max_samples': None, 'min_impurity_decrease': 0.0, 'min_impurity_split': None, 'min_samples_leaf': 2, 'min_samples_split': 10, 'min_weight_fraction_leaf': 0.0, 'n_estimators': 2, 'n_jobs': None, 'oob_score': False, 'random_state': None, 'verbose': 0, 'warm_start': False}"
95,0.9357142857142858,0.9349971374210618,0.9366039089973804,0.5166666666666667,0.9356536064902029,0.49714285714285716,0.8877777777777777,0.8827150692563053,0.8935973748473748,0.5144444444444445,0.8918563381063381,0.5066666666666667,"['2', '5']","{'bootstrap': True, 'ccp_alpha': 0.0, 'class_weight': None, 'criterion': 'gini', 'max_depth': 2, 'max_features': 'sqrt', 'max_leaf_nodes': None, 'max_samples': None, 'min_impurity_decrease': 0.0, 'min_impurity_split': None, 'min_samples_leaf': 1, 'min_samples_split': 10, 'min_weight_fraction_leaf': 0.0, 'n_estimators': 4, 'n_jobs': None, 'oob_score': False, 'random_state': None, 'verbose': 0, 'warm_start': False}"
96,0.9333333333333335,0.9328358179490386,0.9352724107531991,0.5166666666666667,0.9329081065835946,0.49666666666666665,0.8877777777777777,0.8812112801991386,0.893177822177822,0.5244444444444445,0.8838688256188257,0.5077777777777778,"['2', '3', '6']","{'bootstrap': True, 'ccp_alpha': 0.0, 'class_weight': None, 'criterion': 'gini', 'max_depth': 4, 'max_features': 'auto', 'max_leaf_nodes': None, 'max_samples': None, 'min_impurity_decrease': 0.0, 'min_impurity_split': None, 'min_samples_leaf': 4, 'min_samples_split': 10, 'min_weight_fraction_leaf': 0.0, 'n_estimators': 2, 'n_jobs': None, 'oob_score': False, 'random_state': None, 'verbose': 0, 'warm_start': False}"
97,0.9233333333333335,0.9224329650397953,0.9249182532472038,0.49523809523809526,0.9230819410379781,0.4957142857142857,0.8877777777777777,0.8826967208439547,0.8938074148074148,0.5,0.8927104562104562,0.51,"['0', '3', '6']","{'bootstrap': True, 'ccp_alpha': 0.0, 'class_weight': None, 'criterion': 'gini', 'max_depth': 3, 'max_features': 'sqrt', 'max_leaf_nodes': None, 'max_samples': None, 'min_impurity_decrease': 0.0, 'min_impurity_split': None, 'min_samples_leaf': 1, 'min_samples_split': 10, 'min_weight_fraction_leaf': 0.0, 'n_estimators': 2, 'n_jobs': None, 'oob_score': False, 'random_state': None, 'verbose': 0, 'warm_start': False}"
98,0.899047619047619,0.8981124345784265,0.9031945276889247,0.5038095238095238,0.8989441254846021,0.5019047619047619,0.8833333333333333,0.8792843206411454,0.8917852147852148,0.49,0.8850954878454879,0.4955555555555556,['6'],"{'bootstrap': True, 'ccp_alpha': 0.0, 'class_weight': None, 'criterion': 'gini', 'max_depth': 2, 'max_features': 'auto', 'max_leaf_nodes': None, 'max_samples': None, 'min_impurity_decrease': 0.0, 'min_impurity_split': None, 'min_samples_leaf': 1, 'min_samples_split': 10, 'min_weight_fraction_leaf': 0.0, 'n_estimators': 2, 'n_jobs': None, 'oob_score': False, 'random_state': None, 'verbose': 0, 'warm_start': False}"
99,0.939047619047619,0.9381959154535242,0.9412292053425751,0.5138095238095238,0.9373826109379918,0.5033333333333333,0.8833333333333333,0.8786279911343648,0.8907594350094351,0.5111111111111111,0.8872821622821623,0.4922222222222222,"['1', '2', '5', '6']","{'bootstrap': True, 'ccp_alpha': 0.0, 'class_weight': None, 'criterion': 'gini', 'max_depth': 2, 'max_features': 'auto', 'max_leaf_nodes': None, 'max_samples': None, 'min_impurity_decrease': 0.0, 'min_impurity_split': None, 'min_samples_leaf': 1, 'min_samples_split': 2, 'min_weight_fraction_leaf': 0.0, 'n_estimators': 4, 'n_jobs': None, 'oob_score': False, 'random_state': None, 'verbose': 0, 'warm_start': False}"
100,0.9347619047619047,0.934287481327263,0.9367345369546473,0.49714285714285716,0.934558014766825,0.5004761904761905,0.8822222222222222,0.8788432203256876,0.8901986346986348,0.4988888888888889,0.8838618326118326,0.4988888888888889,"['0', '2', '5', '6']","{'bootstrap': True, 'ccp_alpha': 0.0, 'class_weight': None, 'criterion': 'gini', 'max_depth': 3, 'max_features': 'sqrt', 'max_leaf_nodes': None, 'max_samples': None, 'min_impurity_decrease': 0.0, 'min_impurity_split': None, 'min_samples_leaf': 1, 'min_samples_split': 10, 'min_weight_fraction_leaf': 0.0, 'n_estimators': 2, 'n_jobs': None, 'oob_score': False, 'random_state': None, 'verbose': 0, 'warm_start': False}"
101,0.9223809523809523,0.921912485331918,0.9248049451465861,0.5128571428571429,0.9222762827688455,0.49714285714285716,0.8822222222222222,0.8785999648987738,0.8900680985680987,0.5111111111111111,0.8825039682539684,0.5066666666666667,"['0', '5', '6']","{'bootstrap': True, 'ccp_alpha': 0.0, 'class_weight': None, 'criterion': 'gini', 'max_depth': 2, 'max_features': 'sqrt', 'max_leaf_nodes': None, 'max_samples': None, 'min_impurity_decrease': 0.0, 'min_impurity_split': None, 'min_samples_leaf': 2, 'min_samples_split': 10, 'min_weight_fraction_leaf': 0.0, 'n_estimators': 4, 'n_jobs': None, 'oob_score': False, 'random_state': None, 'verbose': 0, 'warm_start': False}"
102,0.9152380952380955,0.9144095745557645,0.9169270550921985,0.5233333333333333,0.9151039873767967,0.5033333333333333,0.881111111111111,0.8758794366502066,0.8855652125652127,0.4866666666666667,0.8796632534132535,0.4922222222222222,"['0', '1', '2', '5', '6']","{'bootstrap': True, 'ccp_alpha': 0.0, 'class_weight': None, 'criterion': 'gini', 'max_depth': 2, 'max_features': 'sqrt', 'max_leaf_nodes': None, 'max_samples': None, 'min_impurity_decrease': 0.0, 'min_impurity_split': None, 'min_samples_leaf': 4, 'min_samples_split': 2, 'min_weight_fraction_leaf': 0.0, 'n_estimators': 2, 'n_jobs': None, 'oob_score': False, 'random_state': None, 'verbose': 0, 'warm_start': False}"
103,0.9295238095238096,0.9287257734204698,0.9321585038009556,0.4785714285714286,0.928414909163166,0.49476190476190474,0.878888888888889,0.8749908242739647,0.8900582750582751,0.4822222222222222,0.8820631313131311,0.5122222222222222,"['1', '2', '3', '6']","{'bootstrap': True, 'ccp_alpha': 0.0, 'class_weight': None, 'criterion': 'gini', 'max_depth': 8, 'max_features': 'sqrt', 'max_leaf_nodes': None, 'max_samples': None, 'min_impurity_decrease': 0.0, 'min_impurity_split': None, 'min_samples_leaf': 1, 'min_samples_split': 10, 'min_weight_fraction_leaf': 0.0, 'n_estimators': 2, 'n_jobs': None, 'oob_score': False, 'random_state': None, 'verbose': 0, 'warm_start': False}"
104,0.9414285714285715,0.9409162518052789,0.941947114979515,0.49952380952380954,0.9410891619974976,0.49333333333333335,0.8788888888888888,0.872192899450101,0.8822241092241093,0.5455555555555556,0.8773775113775112,0.5155555555555555,"['0', '1', '5', '6']","{'bootstrap': True, 'ccp_alpha': 0.0, 'class_weight': None, 'criterion': 'gini', 'max_depth': 2, 'max_features': 'auto', 'max_leaf_nodes': None, 'max_samples': None, 'min_impurity_decrease': 0.0, 'min_impurity_split': None, 'min_samples_leaf': 1, 'min_samples_split': 5, 'min_weight_fraction_leaf': 0.0, 'n_estimators': 18, 'n_jobs': None, 'oob_score': False, 'random_state': None, 'verbose': 0, 'warm_start': False}"
105,0.9276190476190476,0.9268203982002945,0.9295113700387536,0.4938095238095238,0.9275063133983916,0.49857142857142855,0.8788888888888886,0.8705964832478359,0.8885501720501722,0.48,0.8737201964701964,0.5033333333333333,"['2', '5', '6']","{'bootstrap': True, 'ccp_alpha': 0.0, 'class_weight': None, 'criterion': 'gini', 'max_depth': 3, 'max_features': 'auto', 'max_leaf_nodes': None, 'max_samples': None, 'min_impurity_decrease': 0.0, 'min_impurity_split': None, 'min_samples_leaf': 2, 'min_samples_split': 5, 'min_weight_fraction_leaf': 0.0, 'n_estimators': 2, 'n_jobs': None, 'oob_score': False, 'random_state': None, 'verbose': 0, 'warm_start': False}"
106,0.9333333333333331,0.9329131318060558,0.933389151161577,0.5052380952380953,0.933816562952759,0.4938095238095238,0.8777777777777779,0.8729668098028711,0.8784574869574872,0.5322222222222223,0.8797717282717283,0.5144444444444445,"['5', '6']","{'bootstrap': True, 'ccp_alpha': 0.0, 'class_weight': None, 'criterion': 'gini', 'max_depth': 2, 'max_features': 'auto', 'max_leaf_nodes': None, 'max_samples': None, 'min_impurity_decrease': 0.0, 'min_impurity_split': None, 'min_samples_leaf': 2, 'min_samples_split': 10, 'min_weight_fraction_leaf': 0.0, 'n_estimators': 16, 'n_jobs': None, 'oob_score': False, 'random_state': None, 'verbose': 0, 'warm_start': False}"
107,0.938095238095238,0.937744269210219,0.9393768487256001,0.49666666666666665,0.9380414780557531,0.49476190476190474,0.8777777777777778,0.873755822465575,0.8878787878787878,0.5144444444444445,0.875244227994228,0.5122222222222222,"['1', '3']","{'bootstrap': True, 'ccp_alpha': 0.0, 'class_weight': None, 'criterion': 'gini', 'max_depth': 2, 'max_features': 'sqrt', 'max_leaf_nodes': None, 'max_samples': None, 'min_impurity_decrease': 0.0, 'min_impurity_split': None, 'min_samples_leaf': 1, 'min_samples_split': 2, 'min_weight_fraction_leaf': 0.0, 'n_estimators': 4, 'n_jobs': None, 'oob_score': False, 'random_state': None, 'verbose': 0, 'warm_start': False}"
108,0.9285714285714286,0.9279737155422528,0.9306823854911486,0.5142857142857142,0.9283141529422254,0.5028571428571429,0.8777777777777778,0.8746250367317131,0.8811306471306471,0.5,0.8832992285492286,0.49333333333333335,"['1', '3', '6']","{'bootstrap': True, 'ccp_alpha': 0.0, 'class_weight': None, 'criterion': 'gini', 'max_depth': 4, 'max_features': 'sqrt', 'max_leaf_nodes': None, 'max_samples': None, 'min_impurity_decrease': 0.0, 'min_impurity_split': None, 'min_samples_leaf': 4, 'min_samples_split': 10, 'min_weight_fraction_leaf': 0.0, 'n_estimators': 6, 'n_jobs': None, 'oob_score': False, 'random_state': None, 'verbose': 0, 'warm_start': False}"
109,0.9199999999999998,0.9192260641386373,0.9227063595239257,0.4976190476190476,0.919464662499075,0.49857142857142855,0.8766666666666667,0.8718287094757146,0.883411421911422,0.5177777777777778,0.878051837051837,0.5033333333333333,"['0', '1', '2', '5']","{'bootstrap': True, 'ccp_alpha': 0.0, 'class_weight': None, 'criterion': 'gini', 'max_depth': 2, 'max_features': 'auto', 'max_leaf_nodes': None, 'max_samples': None, 'min_impurity_decrease': 0.0, 'min_impurity_split': None, 'min_samples_leaf': 2, 'min_samples_split': 5, 'min_weight_fraction_leaf': 0.0, 'n_estimators': 2, 'n_jobs': None, 'oob_score': False, 'random_state': None, 'verbose': 0, 'warm_start': False}"
110,0.9728571428571428,0.9726159638721776,0.9739299673566939,0.4880952380952381,0.9728293630835596,0.4990476190476191,0.8755555555555555,0.8680888247877816,0.8776335331335331,0.47333333333333333,0.8751398046398048,0.5022222222222222,"['1', '3', '5', '6']","{'bootstrap': True, 'ccp_alpha': 0.0, 'class_weight': None, 'criterion': 'gini', 'max_depth': 4, 'max_features': 'auto', 'max_leaf_nodes': None, 'max_samples': None, 'min_impurity_decrease': 0.0, 'min_impurity_split': None, 'min_samples_leaf': 1, 'min_samples_split': 2, 'min_weight_fraction_leaf': 0.0, 'n_estimators': 4, 'n_jobs': None, 'oob_score': False, 'random_state': None, 'verbose': 0, 'warm_start': False}"
111,0.9219047619047619,0.9209983744291028,0.9243396203324054,0.5009523809523809,0.9208477369992447,0.5028571428571429,0.8722222222222221,0.8689285014920768,0.8751295648795648,0.5055555555555555,0.8772251082251082,0.49333333333333335,"['0', '5']","{'bootstrap': True, 'ccp_alpha': 0.0, 'class_weight': None, 'criterion': 'gini', 'max_depth': 2, 'max_features': 'auto', 'max_leaf_nodes': None, 'max_samples': None, 'min_impurity_decrease': 0.0, 'min_impurity_split': None, 'min_samples_leaf': 1, 'min_samples_split': 10, 'min_weight_fraction_leaf': 0.0, 'n_estimators': 6, 'n_jobs': None, 'oob_score': False, 'random_state': None, 'verbose': 0, 'warm_start': False}"
112,0.9352380952380951,0.9344830345220333,0.938847279018076,0.5314285714285715,0.9341582348493103,0.4980952380952381,0.8699999999999999,0.866625945637199,0.8799845154845154,0.5255555555555556,0.8751681096681097,0.5044444444444445,"['0', '1', '2']","{'bootstrap': True, 'ccp_alpha': 0.0, 'class_weight': None, 'criterion': 'gini', 'max_depth': 2, 'max_features': 'sqrt', 'max_leaf_nodes': None, 'max_samples': None, 'min_impurity_decrease': 0.0, 'min_impurity_split': None, 'min_samples_leaf': 4, 'min_samples_split': 2, 'min_weight_fraction_leaf': 0.0, 'n_estimators': 16, 'n_jobs': None, 'oob_score': False, 'random_state': None, 'verbose': 0, 'warm_start': False}"
113,0.9242857142857145,0.9238573414953934,0.9262805139349964,0.49714285714285716,0.9240792462051044,0.49476190476190474,0.8677777777777779,0.8638131665861845,0.8758981018981019,0.5222222222222223,0.8667932900432901,0.5122222222222222,['5'],"{'bootstrap': True, 'ccp_alpha': 0.0, 'class_weight': None, 'criterion': 'gini', 'max_depth': 6, 'max_features': 'sqrt', 'max_leaf_nodes': None, 'max_samples': None, 'min_impurity_decrease': 0.0, 'min_impurity_split': None, 'min_samples_leaf': 2, 'min_samples_split': 2, 'min_weight_fraction_leaf': 0.0, 'n_estimators': 4, 'n_jobs': None, 'oob_score': False, 'random_state': None, 'verbose': 0, 'warm_start': False}"
114,0.923809523809524,0.9232748047024326,0.9254794894382624,0.5157142857142857,0.9235823378779431,0.5090476190476191,0.8655555555555554,0.8611093712153748,0.8784336774336775,0.5044444444444445,0.86756240981241,0.47888888888888886,"['1', '5', '6']","{'bootstrap': True, 'ccp_alpha': 0.0, 'class_weight': None, 'criterion': 'gini', 'max_depth': 2, 'max_features': 'auto', 'max_leaf_nodes': None, 'max_samples': None, 'min_impurity_decrease': 0.0, 'min_impurity_split': None, 'min_samples_leaf': 1, 'min_samples_split': 2, 'min_weight_fraction_leaf': 0.0, 'n_estimators': 4, 'n_jobs': None, 'oob_score': False, 'random_state': None, 'verbose': 0, 'warm_start': False}"
115,0.9266666666666665,0.9253324441315068,0.9319501850660303,0.5233333333333333,0.9253292222165892,0.5023809523809524,0.8611111111111112,0.8561961948006974,0.8642438672438673,0.4911111111111111,0.8642985070485071,0.49444444444444446,"['0', '1', '4']","{'bootstrap': True, 'ccp_alpha': 0.0, 'class_weight': None, 'criterion': 'gini', 'max_depth': 2, 'max_features': 'auto', 'max_leaf_nodes': None, 'max_samples': None, 'min_impurity_decrease': 0.0, 'min_impurity_split': None, 'min_samples_leaf': 1, 'min_samples_split': 2, 'min_weight_fraction_leaf': 0.0, 'n_estimators': 4, 'n_jobs': None, 'oob_score': False, 'random_state': None, 'verbose': 0, 'warm_start': False}"
116,0.9104761904761905,0.9096021228355414,0.9133899897495346,0.49333333333333335,0.9092995476368205,0.4895238095238095,0.8588888888888888,0.8549685785206852,0.8694799922299922,0.4988888888888889,0.8618157953157954,0.5244444444444445,"['0', '6']","{'bootstrap': True, 'ccp_alpha': 0.0, 'class_weight': None, 'criterion': 'gini', 'max_depth': 2, 'max_features': 'auto', 'max_leaf_nodes': None, 'max_samples': None, 'min_impurity_decrease': 0.0, 'min_impurity_split': None, 'min_samples_leaf': 2, 'min_samples_split': 2, 'min_weight_fraction_leaf': 0.0, 'n_estimators': 4, 'n_jobs': None, 'oob_score': False, 'random_state': None, 'verbose': 0, 'warm_start': False}"
117,0.9085714285714286,0.9072551081551522,0.9119740694641354,0.5009523809523809,0.9072103519377379,0.5028571428571429,0.8555555555555556,0.8501943348200557,0.8681430791430792,0.4866666666666667,0.8631368492618493,0.49333333333333335,"['0', '1', '2', '6']","{'bootstrap': True, 'ccp_alpha': 0.0, 'class_weight': None, 'criterion': 'gini', 'max_depth': 2, 'max_features': 'auto', 'max_leaf_nodes': None, 'max_samples': None, 'min_impurity_decrease': 0.0, 'min_impurity_split': None, 'min_samples_leaf': 2, 'min_samples_split': 2, 'min_weight_fraction_leaf': 0.0, 'n_estimators': 2, 'n_jobs': None, 'oob_score': False, 'random_state': None, 'verbose': 0, 'warm_start': False}"
118,0.9323809523809523,0.9314988507061587,0.9339685938928334,0.49,0.9320352972755248,0.49857142857142855,0.8544444444444443,0.8443507781135294,0.8671609501609501,0.4622222222222222,0.8523623876123877,0.5033333333333333,"['2', '6']","{'bootstrap': True, 'ccp_alpha': 0.0, 'class_weight': None, 'criterion': 'gini', 'max_depth': 7, 'max_features': 'auto', 'max_leaf_nodes': None, 'max_samples': None, 'min_impurity_decrease': 0.0, 'min_impurity_split': None, 'min_samples_leaf': 1, 'min_samples_split': 5, 'min_weight_fraction_leaf': 0.0, 'n_estimators': 2, 'n_jobs': None, 'oob_score': False, 'random_state': None, 'verbose': 0, 'warm_start': False}"
119,0.9171428571428573,0.9163156030251074,0.919987996439181,0.5314285714285715,0.9160507826460343,0.5038095238095238,0.8533333333333333,0.8493537305652126,0.8628497890997892,0.4955555555555556,0.8601904761904762,0.4911111111111111,"['1', '5']","{'bootstrap': True, 'ccp_alpha': 0.0, 'class_weight': None, 'criterion': 'gini', 'max_depth': 2, 'max_features': 'auto', 'max_leaf_nodes': None, 'max_samples': None, 'min_impurity_decrease': 0.0, 'min_impurity_split': None, 'min_samples_leaf': 2, 'min_samples_split': 10, 'min_weight_fraction_leaf': 0.0, 'n_estimators': 16, 'n_jobs': None, 'oob_score': False, 'random_state': None, 'verbose': 0, 'warm_start': False}"
120,0.9090476190476191,0.9079370244165074,0.9118810307593425,0.5276190476190477,0.9076168074025256,0.508095238095238,0.8455555555555556,0.8408395554349183,0.8541875901875904,0.4822222222222222,0.8510951270951271,0.4811111111111111,"['0', '1', '6']","{'bootstrap': True, 'ccp_alpha': 0.0, 'class_weight': None, 'criterion': 'gini', 'max_depth': 2, 'max_features': 'auto', 'max_leaf_nodes': None, 'max_samples': None, 'min_impurity_decrease': 0.0, 'min_impurity_split': None, 'min_samples_leaf': 2, 'min_samples_split': 10, 'min_weight_fraction_leaf': 0.0, 'n_estimators': 8, 'n_jobs': None, 'oob_score': False, 'random_state': None, 'verbose': 0, 'warm_start': False}"
121,0.9028571428571429,0.901105768628488,0.9077573495899636,0.5195238095238095,0.9003294583626392,0.5042857142857143,0.8433333333333332,0.8389204063812826,0.851165612165612,0.48,0.8484603174603174,0.49,"['0', '2', '6']","{'bootstrap': True, 'ccp_alpha': 0.0, 'class_weight': None, 'criterion': 'gini', 'max_depth': 2, 'max_features': 'sqrt', 'max_leaf_nodes': None, 'max_samples': None, 'min_impurity_decrease': 0.0, 'min_impurity_split': None, 'min_samples_leaf': 4, 'min_samples_split': 5, 'min_weight_fraction_leaf': 0.0, 'n_estimators': 2, 'n_jobs': None, 'oob_score': False, 'random_state': None, 'verbose': 0, 'warm_start': False}"
122,0.9295238095238096,0.9288150322838691,0.931300653275771,0.5161904761904762,0.9299899604956746,0.5019047619047619,0.8344444444444444,0.8290058311664853,0.8368654401154403,0.49,0.8443095238095237,0.4955555555555556,"['1', '6']","{'bootstrap': False, 'ccp_alpha': 0.0, 'class_weight': None, 'criterion': 'gini', 'max_depth': None, 'max_features': 'auto', 'max_leaf_nodes': None, 'max_samples': None, 'min_impurity_decrease': 0.0, 'min_impurity_split': None, 'min_samples_leaf': 4, 'min_samples_split': 10, 'min_weight_fraction_leaf': 0.0, 'n_estimators': 2, 'n_jobs': None, 'oob_score': False, 'random_state': None, 'verbose': 0, 'warm_start': False}"
123,0.8814285714285713,0.8787338051182795,0.8901066835043515,0.48428571428571426,0.8790217282336275,0.4980952380952381,0.7944444444444446,0.7881430248682233,0.8089892052392054,0.4722222222222222,0.8001036741036739,0.5044444444444445,"['0', '1', '5']","{'bootstrap': True, 'ccp_alpha': 0.0, 'class_weight': None, 'criterion': 'gini', 'max_depth': 6, 'max_features': 'auto', 'max_leaf_nodes': None, 'max_samples': None, 'min_impurity_decrease': 0.0, 'min_impurity_split': None, 'min_samples_leaf': 1, 'min_samples_split': 10, 'min_weight_fraction_leaf': 0.0, 'n_estimators': 2, 'n_jobs': None, 'oob_score': False, 'random_state': None, 'verbose': 0, 'warm_start': False}"
124,0.7619047619047619,0.759291482934299,0.7666532226307565,0.5052380952380953,0.761881932720067,0.4928571428571429,0.6455555555555555,0.6284778838382419,0.6515224497724498,0.5377777777777778,0.6470516705516706,0.5166666666666667,['1'],"{'bootstrap': True, 'ccp_alpha': 0.0, 'class_weight': None, 'criterion': 'gini', 'max_depth': 2, 'max_features': 'sqrt', 'max_leaf_nodes': None, 'max_samples': None, 'min_impurity_decrease': 0.0, 'min_impurity_split': None, 'min_samples_leaf': 4, 'min_samples_split': 5, 'min_weight_fraction_leaf': 0.0, 'n_estimators': 6, 'n_jobs': None, 'oob_score': False, 'random_state': None, 'verbose': 0, 'warm_start': False}"
125,0.8271428571428571,0.8239359047256289,0.8317491362279097,0.4757142857142857,0.8243715862150444,0.49142857142857144,0.5766666666666667,0.5642855641666181,0.5889908424908424,0.48333333333333334,0.5877653735153735,0.52,"['0', '1']","{'bootstrap': False, 'ccp_alpha': 0.0, 'class_weight': None, 'criterion': 'gini', 'max_depth': 5, 'max_features': 'sqrt', 'max_leaf_nodes': None, 'max_samples': None, 'min_impurity_decrease': 0.0, 'min_impurity_split': None, 'min_samples_leaf': 4, 'min_samples_split': 5, 'min_weight_fraction_leaf': 0.0, 'n_estimators': 2, 'n_jobs': None, 'oob_score': False, 'random_state': None, 'verbose': 0, 'warm_start': False}"
126,0.6504761904761905,0.6324696076777659,0.6709796221578493,0.49523809523809526,0.6465058078555656,0.4866666666666667,0.47,0.44180510124011974,0.4745762154512155,0.5233333333333333,0.4789484404484404,0.5311111111111111,['0'],"{'bootstrap': True, 'ccp_alpha': 0.0, 'class_weight': None, 'criterion': 'gini', 'max_depth': 2, 'max_features': 'auto', 'max_leaf_nodes': None, 'max_samples': None, 'min_impurity_decrease': 0.0, 'min_impurity_split': None, 'min_samples_leaf': 4, 'min_samples_split': 5, 'min_weight_fraction_leaf': 0.0, 'n_estimators': 2, 'n_jobs': None, 'oob_score': False, 'random_state': None, 'verbose': 0, 'warm_start': False}"
